Record Length,2.500000e+03,,   0.014240000000,   0.02000,
Sample Interval,4.000000e-06,,   0.014244000000,   0.04000,
Trigger Point,-3.560000000000e+03,,   0.014248000000,   0.00000,
,,,   0.014252000000,   0.02000,
,,,   0.014256000000,   0.02000,
,,,   0.014260000000,   0.02000,
Source,CH1,,   0.014264000000,   0.02000,
Vertical Units,V,,   0.014268000000,   0.02000,
Vertical Scale,5.000000e-01,,   0.014272000000,   0.00000,
Vertical Offset,0.000000e+00,,   0.014276000000,   0.02000,
Horizontal Units,s,,   0.014280000000,   0.02000,
Horizontal Scale,1.000000e-03,,   0.014284000000,   0.00000,
Pt Fmt,ENV,,   0.014288000000,   0.02000,
Yzero,0.000000e+00,,   0.014292000000,   0.02000,
Probe Atten,1.000000e+00,,   0.014296000000,   0.02000,
Model Number,TDS2022B,,   0.014300000000,   0.04000,
Serial Number,C052112,,   0.014304000000,   0.02000,
Firmware Version,FV:v22.16,,   0.014308000000,   0.02000,
,,,0.014312000000,   0.02000,
,,,0.014316000000,   0.02000,
,,,0.014320000000,   0.02000,
,,,0.014324000000,   0.00000,
,,,0.014328000000,   0.02000,
,,,0.014332000000,   0.02000,
,,,0.014336000000,   0.00000,
,,,0.014340000000,   0.00000,
,,,0.014344000000,   0.02000,
,,,0.014348000000,   0.02000,
,,,0.014352000000,   0.02000,
,,,0.014356000000,   0.02000,
,,,0.014360000000,   0.00000,
,,,0.014364000000,   0.02000,
,,,0.014368000000,   0.02000,
,,,0.014372000000,   0.02000,
,,,0.014376000000,   0.02000,
,,,0.014380000000,   0.02000,
,,,0.014384000000,   0.02000,
,,,0.014388000000,   0.02000,
,,,0.014392000000,   0.02000,
,,,0.014396000000,   0.02000,
,,,0.014400000000,   0.02000,
,,,0.014404000000,   0.02000,
,,,0.014408000000,   0.02000,
,,,0.014412000000,   0.02000,
,,,0.014416000000,   0.00000,
,,,0.014420000000,   0.02000,
,,,0.014424000000,   0.02000,
,,,0.014428000000,   0.02000,
,,,0.014432000000,   0.02000,
,,,0.014436000000,   0.02000,
,,,0.014440000000,   0.02000,
,,,0.014444000000,   0.02000,
,,,0.014448000000,   0.02000,
,,,0.014452000000,   0.02000,
,,,0.014456000000,   0.00000,
,,,0.014460000000,   0.00000,
,,,0.014464000000,   0.02000,
,,,0.014468000000,   0.02000,
,,,0.014472000000,   0.00000,
,,,0.014476000000,   0.02000,
,,,0.014480000000,   0.02000,
,,,0.014484000000,   0.02000,
,,,0.014488000000,   0.00000,
,,,0.014492000000,   0.02000,
,,,0.014496000000,   0.02000,
,,,0.014500000000,   0.02000,
,,,0.014504000000,   0.02000,
,,,0.014508000000,   0.02000,
,,,0.014512000000,   0.02000,
,,,0.014516000000,   0.02000,
,,,0.014520000000,   0.02000,
,,,0.014524000000,   0.02000,
,,,0.014528000000,   0.02000,
,,,0.014532000000,   0.02000,
,,,0.014536000000,   0.02000,
,,,0.014540000000,   0.02000,
,,,0.014544000000,   0.02000,
,,,0.014548000000,   0.00000,
,,,0.014552000000,   0.02000,
,,,0.014556000000,   0.02000,
,,,0.014560000000,   0.00000,
,,,0.014564000000,   0.00000,
,,,0.014568000000,   0.00000,
,,,0.014572000000,   0.00000,
,,,0.014576000000,   0.02000,
,,,0.014580000000,   0.04000,
,,,0.014584000000,   0.02000,
,,,0.014588000000,   0.02000,
,,,0.014592000000,   0.02000,
,,,0.014596000000,   0.02000,
,,,0.014600000000,   0.02000,
,,,0.014604000000,   0.02000,
,,,0.014608000000,   0.02000,
,,,0.014612000000,   0.02000,
,,,0.014616000000,   0.02000,
,,,0.014620000000,   0.02000,
,,,0.014624000000,   0.00000,
,,,0.014628000000,   0.02000,
,,,0.014632000000,   0.00000,
,,,0.014636000000,   0.00000,
,,,0.014640000000,   0.00000,
,,,0.014644000000,   0.02000,
,,,0.014648000000,   0.02000,
,,,0.014652000000,   0.02000,
,,,0.014656000000,   0.02000,
,,,0.014660000000,   0.02000,
,,,0.014664000000,   0.00000,
,,,0.014668000000,   0.02000,
,,,0.014672000000,   0.02000,
,,,0.014676000000,   0.02000,
,,,0.014680000000,   0.02000,
,,,0.014684000000,   0.02000,
,,,0.014688000000,   0.02000,
,,,0.014692000000,   0.02000,
,,,0.014696000000,   0.00000,
,,,0.014700000000,   0.02000,
,,,0.014704000000,   0.02000,
,,,0.014708000000,   0.02000,
,,,0.014712000000,   0.02000,
,,,0.014716000000,   0.02000,
,,,0.014720000000,   0.00000,
,,,0.014724000000,   0.02000,
,,,0.014728000000,   0.02000,
,,,0.014732000000,   0.02000,
,,,0.014736000000,   0.02000,
,,,0.014740000000,   0.02000,
,,,0.014744000000,   0.00000,
,,,0.014748000000,   0.02000,
,,,0.014752000000,   0.02000,
,,,0.014756000000,   0.00000,
,,,0.014760000000,   0.02000,
,,,0.014764000000,   0.02000,
,,,0.014768000000,   0.00000,
,,,0.014772000000,   0.00000,
,,,0.014776000000,   0.02000,
,,,0.014780000000,   0.02000,
,,,0.014784000000,   0.02000,
,,,0.014788000000,   0.02000,
,,,0.014792000000,   0.02000,
,,,0.014796000000,   0.02000,
,,,0.014800000000,   0.02000,
,,,0.014804000000,   0.02000,
,,,0.014808000000,   0.00000,
,,,0.014812000000,   0.02000,
,,,0.014816000000,   0.02000,
,,,0.014820000000,   0.02000,
,,,0.014824000000,   0.02000,
,,,0.014828000000,   0.02000,
,,,0.014832000000,   0.00000,
,,,0.014836000000,   0.00000,
,,,0.014840000000,   0.00000,
,,,0.014844000000,   0.02000,
,,,0.014848000000,   0.00000,
,,,0.014852000000,   0.02000,
,,,0.014856000000,   0.02000,
,,,0.014860000000,   0.02000,
,,,0.014864000000,   0.02000,
,,,0.014868000000,   0.02000,
,,,0.014872000000,   0.02000,
,,,0.014876000000,   0.02000,
,,,0.014880000000,   0.00000,
,,,0.014884000000,   0.02000,
,,,0.014888000000,   0.02000,
,,,0.014892000000,   0.02000,
,,,0.014896000000,   0.00000,
,,,0.014900000000,   0.02000,
,,,0.014904000000,   0.02000,
,,,0.014908000000,   0.00000,
,,,0.014912000000,   0.02000,
,,,0.014916000000,   0.00000,
,,,0.014920000000,   0.02000,
,,,0.014924000000,   0.02000,
,,,0.014928000000,   0.02000,
,,,0.014932000000,   0.02000,
,,,0.014936000000,   0.00000,
,,,0.014940000000,   0.02000,
,,,0.014944000000,   0.02000,
,,,0.014948000000,   0.02000,
,,,0.014952000000,   0.02000,
,,,0.014956000000,   0.00000,
,,,0.014960000000,   0.02000,
,,,0.014964000000,   0.02000,
,,,0.014968000000,   0.02000,
,,,0.014972000000,   0.02000,
,,,0.014976000000,   0.00000,
,,,0.014980000000,   0.00000,
,,,0.014984000000,   0.02000,
,,,0.014988000000,   0.02000,
,,,0.014992000000,   0.02000,
,,,0.014996000000,   0.02000,
,,,0.015000000000,   0.02000,
,,,0.015004000000,   0.00000,
,,,0.015008000000,   0.02000,
,,,0.015012000000,   0.02000,
,,,0.015016000000,   0.02000,
,,,0.015020000000,   0.02000,
,,,0.015024000000,   0.02000,
,,,0.015028000000,   0.02000,
,,,0.015032000000,   0.02000,
,,,0.015036000000,   0.02000,
,,,0.015040000000,   0.02000,
,,,0.015044000000,   0.02000,
,,,0.015048000000,   0.02000,
,,,0.015052000000,   0.02000,
,,,0.015056000000,   0.02000,
,,,0.015060000000,   0.02000,
,,,0.015064000000,   0.02000,
,,,0.015068000000,   0.02000,
,,,0.015072000000,   0.02000,
,,,0.015076000000,   0.02000,
,,,0.015080000000,   0.00000,
,,,0.015084000000,   0.00000,
,,,0.015088000000,   0.02000,
,,,0.015092000000,   0.02000,
,,,0.015096000000,   0.00000,
,,,0.015100000000,   0.00000,
,,,0.015104000000,   0.02000,
,,,0.015108000000,   0.02000,
,,,0.015112000000,   0.02000,
,,,0.015116000000,   0.02000,
,,,0.015120000000,   0.00000,
,,,0.015124000000,   0.02000,
,,,0.015128000000,   0.02000,
,,,0.015132000000,   0.02000,
,,,0.015136000000,   0.02000,
,,,0.015140000000,   0.02000,
,,,0.015144000000,   0.00000,
,,,0.015148000000,   0.02000,
,,,0.015152000000,   0.02000,
,,,0.015156000000,   0.02000,
,,,0.015160000000,   0.00000,
,,,0.015164000000,   0.02000,
,,,0.015168000000,   0.02000,
,,,0.015172000000,   0.00000,
,,,0.015176000000,   0.02000,
,,,0.015180000000,   0.02000,
,,,0.015184000000,   0.02000,
,,,0.015188000000,   0.02000,
,,,0.015192000000,   0.02000,
,,,0.015196000000,   0.02000,
,,,0.015200000000,   0.02000,
,,,0.015204000000,   0.02000,
,,,0.015208000000,   0.00000,
,,,0.015212000000,   0.00000,
,,,0.015216000000,   0.02000,
,,,0.015220000000,   0.02000,
,,,0.015224000000,   0.02000,
,,,0.015228000000,   0.02000,
,,,0.015232000000,   0.02000,
,,,0.015236000000,   0.02000,
,,,0.015240000000,   0.00000,
,,,0.015244000000,   0.02000,
,,,0.015248000000,   0.02000,
,,,0.015252000000,   0.02000,
,,,0.015256000000,   0.02000,
,,,0.015260000000,   0.02000,
,,,0.015264000000,   0.02000,
,,,0.015268000000,   0.00000,
,,,0.015272000000,   0.00000,
,,,0.015276000000,   0.02000,
,,,0.015280000000,   0.02000,
,,,0.015284000000,   0.02000,
,,,0.015288000000,   0.02000,
,,,0.015292000000,   0.02000,
,,,0.015296000000,   0.02000,
,,,0.015300000000,   0.00000,
,,,0.015304000000,   0.02000,
,,,0.015308000000,   0.02000,
,,,0.015312000000,   0.00000,
,,,0.015316000000,   0.02000,
,,,0.015320000000,   0.02000,
,,,0.015324000000,   0.02000,
,,,0.015328000000,   0.02000,
,,,0.015332000000,   0.02000,
,,,0.015336000000,   0.02000,
,,,0.015340000000,   0.00000,
,,,0.015344000000,   0.02000,
,,,0.015348000000,   0.02000,
,,,0.015352000000,   0.00000,
,,,0.015356000000,   0.02000,
,,,0.015360000000,   0.02000,
,,,0.015364000000,   0.02000,
,,,0.015368000000,   0.02000,
,,,0.015372000000,   0.02000,
,,,0.015376000000,   0.02000,
,,,0.015380000000,   0.00000,
,,,0.015384000000,   0.02000,
,,,0.015388000000,   0.02000,
,,,0.015392000000,   0.02000,
,,,0.015396000000,   0.02000,
,,,0.015400000000,   0.00000,
,,,0.015404000000,   0.02000,
,,,0.015408000000,   0.00000,
,,,0.015412000000,   0.02000,
,,,0.015416000000,   0.02000,
,,,0.015420000000,   0.02000,
,,,0.015424000000,   0.02000,
,,,0.015428000000,   0.02000,
,,,0.015432000000,   0.02000,
,,,0.015436000000,   0.02000,
,,,0.015440000000,   0.02000,
,,,0.015444000000,   0.02000,
,,,0.015448000000,   0.02000,
,,,0.015452000000,   0.02000,
,,,0.015456000000,   0.02000,
,,,0.015460000000,   0.00000,
,,,0.015464000000,   0.02000,
,,,0.015468000000,   0.02000,
,,,0.015472000000,   0.02000,
,,,0.015476000000,   0.02000,
,,,0.015480000000,   0.00000,
,,,0.015484000000,   0.02000,
,,,0.015488000000,   0.02000,
,,,0.015492000000,   0.02000,
,,,0.015496000000,   0.02000,
,,,0.015500000000,   0.02000,
,,,0.015504000000,   0.02000,
,,,0.015508000000,   0.02000,
,,,0.015512000000,   0.00000,
,,,0.015516000000,   0.02000,
,,,0.015520000000,   0.02000,
,,,0.015524000000,   0.02000,
,,,0.015528000000,   0.02000,
,,,0.015532000000,   0.02000,
,,,0.015536000000,   0.02000,
,,,0.015540000000,   0.02000,
,,,0.015544000000,   0.02000,
,,,0.015548000000,   0.02000,
,,,0.015552000000,   0.02000,
,,,0.015556000000,   0.02000,
,,,0.015560000000,   0.02000,
,,,0.015564000000,   0.02000,
,,,0.015568000000,   0.02000,
,,,0.015572000000,   0.00000,
,,,0.015576000000,   0.02000,
,,,0.015580000000,   0.02000,
,,,0.015584000000,   0.00000,
,,,0.015588000000,   0.02000,
,,,0.015592000000,   0.02000,
,,,0.015596000000,   0.02000,
,,,0.015600000000,   0.02000,
,,,0.015604000000,   0.02000,
,,,0.015608000000,   0.02000,
,,,0.015612000000,   0.02000,
,,,0.015616000000,   0.02000,
,,,0.015620000000,   0.02000,
,,,0.015624000000,   0.02000,
,,,0.015628000000,   0.02000,
,,,0.015632000000,   0.02000,
,,,0.015636000000,   0.02000,
,,,0.015640000000,   0.02000,
,,,0.015644000000,   0.02000,
,,,0.015648000000,   0.02000,
,,,0.015652000000,   0.02000,
,,,0.015656000000,   0.02000,
,,,0.015660000000,   0.02000,
,,,0.015664000000,   0.00000,
,,,0.015668000000,   0.00000,
,,,0.015672000000,   0.02000,
,,,0.015676000000,   0.02000,
,,,0.015680000000,   0.02000,
,,,0.015684000000,   0.04000,
,,,0.015688000000,   0.02000,
,,,0.015692000000,   0.02000,
,,,0.015696000000,   0.02000,
,,,0.015700000000,   0.00000,
,,,0.015704000000,   0.02000,
,,,0.015708000000,   0.02000,
,,,0.015712000000,   0.00000,
,,,0.015716000000,   0.02000,
,,,0.015720000000,   0.02000,
,,,0.015724000000,   0.02000,
,,,0.015728000000,   0.02000,
,,,0.015732000000,   0.02000,
,,,0.015736000000,   0.02000,
,,,0.015740000000,   0.02000,
,,,0.015744000000,   0.00000,
,,,0.015748000000,   0.00000,
,,,0.015752000000,   0.02000,
,,,0.015756000000,   0.02000,
,,,0.015760000000,   0.00000,
,,,0.015764000000,   0.02000,
,,,0.015768000000,   0.00000,
,,,0.015772000000,   0.00000,
,,,0.015776000000,   0.02000,
,,,0.015780000000,   0.02000,
,,,0.015784000000,   0.02000,
,,,0.015788000000,   0.02000,
,,,0.015792000000,   0.02000,
,,,0.015796000000,   0.02000,
,,,0.015800000000,   0.02000,
,,,0.015804000000,   0.02000,
,,,0.015808000000,   0.00000,
,,,0.015812000000,   0.02000,
,,,0.015816000000,   0.02000,
,,,0.015820000000,   0.02000,
,,,0.015824000000,   0.02000,
,,,0.015828000000,   0.02000,
,,,0.015832000000,   0.02000,
,,,0.015836000000,   0.04000,
,,,0.015840000000,   0.02000,
,,,0.015844000000,   0.00000,
,,,0.015848000000,   0.02000,
,,,0.015852000000,   0.02000,
,,,0.015856000000,   0.02000,
,,,0.015860000000,   0.02000,
,,,0.015864000000,   0.02000,
,,,0.015868000000,   0.00000,
,,,0.015872000000,   0.00000,
,,,0.015876000000,   0.00000,
,,,0.015880000000,   0.02000,
,,,0.015884000000,   0.02000,
,,,0.015888000000,   0.02000,
,,,0.015892000000,   0.02000,
,,,0.015896000000,   0.02000,
,,,0.015900000000,   0.02000,
,,,0.015904000000,   0.02000,
,,,0.015908000000,   0.02000,
,,,0.015912000000,   0.02000,
,,,0.015916000000,   0.00000,
,,,0.015920000000,   0.02000,
,,,0.015924000000,   0.02000,
,,,0.015928000000,   0.02000,
,,,0.015932000000,   0.02000,
,,,0.015936000000,   0.02000,
,,,0.015940000000,   0.02000,
,,,0.015944000000,   0.00000,
,,,0.015948000000,   0.02000,
,,,0.015952000000,   0.02000,
,,,0.015956000000,   0.02000,
,,,0.015960000000,   0.00000,
,,,0.015964000000,   0.02000,
,,,0.015968000000,   0.02000,
,,,0.015972000000,   0.02000,
,,,0.015976000000,   0.02000,
,,,0.015980000000,   0.00000,
,,,0.015984000000,   0.02000,
,,,0.015988000000,   0.02000,
,,,0.015992000000,   0.02000,
,,,0.015996000000,   0.02000,
,,,0.016000000000,   0.02000,
,,,0.016004000000,   0.02000,
,,,0.016008000000,   0.02000,
,,,0.016012000000,   0.02000,
,,,0.016016000000,   0.02000,
,,,0.016020000000,   0.02000,
,,,0.016024000000,   0.02000,
,,,0.016028000000,   0.02000,
,,,0.016032000000,   0.02000,
,,,0.016036000000,   0.02000,
,,,0.016040000000,   0.02000,
,,,0.016044000000,   0.00000,
,,,0.016048000000,   0.02000,
,,,0.016052000000,   0.02000,
,,,0.016056000000,   0.00000,
,,,0.016060000000,   0.00000,
,,,0.016064000000,   0.02000,
,,,0.016068000000,   0.02000,
,,,0.016072000000,   0.02000,
,,,0.016076000000,   0.02000,
,,,0.016080000000,   0.02000,
,,,0.016084000000,   0.02000,
,,,0.016088000000,   0.02000,
,,,0.016092000000,   0.02000,
,,,0.016096000000,   0.02000,
,,,0.016100000000,   0.02000,
,,,0.016104000000,   0.00000,
,,,0.016108000000,   0.02000,
,,,0.016112000000,   0.00000,
,,,0.016116000000,   0.02000,
,,,0.016120000000,   0.02000,
,,,0.016124000000,   0.02000,
,,,0.016128000000,   0.02000,
,,,0.016132000000,   0.02000,
,,,0.016136000000,   0.02000,
,,,0.016140000000,   0.00000,
,,,0.016144000000,   0.02000,
,,,0.016148000000,   0.02000,
,,,0.016152000000,   0.02000,
,,,0.016156000000,   0.02000,
,,,0.016160000000,   0.02000,
,,,0.016164000000,   0.02000,
,,,0.016168000000,   0.02000,
,,,0.016172000000,   0.02000,
,,,0.016176000000,   0.02000,
,,,0.016180000000,   0.02000,
,,,0.016184000000,   0.02000,
,,,0.016188000000,   0.00000,
,,,0.016192000000,   0.02000,
,,,0.016196000000,   0.00000,
,,,0.016200000000,   0.02000,
,,,0.016204000000,   0.02000,
,,,0.016208000000,   0.02000,
,,,0.016212000000,   0.02000,
,,,0.016216000000,   0.02000,
,,,0.016220000000,   0.02000,
,,,0.016224000000,   0.02000,
,,,0.016228000000,   0.02000,
,,,0.016232000000,   0.02000,
,,,0.016236000000,   0.02000,
,,,0.016240000000,   0.00000,
,,,0.016244000000,   0.00000,
,,,0.016248000000,   0.02000,
,,,0.016252000000,   0.00000,
,,,0.016256000000,   0.00000,
,,,0.016260000000,   0.02000,
,,,0.016264000000,   0.02000,
,,,0.016268000000,   0.02000,
,,,0.016272000000,   0.02000,
,,,0.016276000000,   0.02000,
,,,0.016280000000,   0.00000,
,,,0.016284000000,   0.00000,
,,,0.016288000000,   0.00000,
,,,0.016292000000,   0.00000,
,,,0.016296000000,   0.02000,
,,,0.016300000000,   0.00000,
,,,0.016304000000,   0.02000,
,,,0.016308000000,   0.02000,
,,,0.016312000000,   0.02000,
,,,0.016316000000,   0.02000,
,,,0.016320000000,   0.02000,
,,,0.016324000000,   0.02000,
,,,0.016328000000,   0.02000,
,,,0.016332000000,   0.02000,
,,,0.016336000000,   0.02000,
,,,0.016340000000,   0.00000,
,,,0.016344000000,   0.02000,
,,,0.016348000000,   0.02000,
,,,0.016352000000,   0.02000,
,,,0.016356000000,   0.02000,
,,,0.016360000000,   0.02000,
,,,0.016364000000,   0.02000,
,,,0.016368000000,   0.02000,
,,,0.016372000000,   0.00000,
,,,0.016376000000,   0.02000,
,,,0.016380000000,   0.02000,
,,,0.016384000000,   0.02000,
,,,0.016388000000,   0.02000,
,,,0.016392000000,   0.02000,
,,,0.016396000000,   0.02000,
,,,0.016400000000,   0.02000,
,,,0.016404000000,   0.00000,
,,,0.016408000000,   0.02000,
,,,0.016412000000,   0.02000,
,,,0.016416000000,   0.02000,
,,,0.016420000000,   0.02000,
,,,0.016424000000,   0.02000,
,,,0.016428000000,   0.02000,
,,,0.016432000000,   0.02000,
,,,0.016436000000,   0.02000,
,,,0.016440000000,   0.02000,
,,,0.016444000000,   0.00000,
,,,0.016448000000,   0.02000,
,,,0.016452000000,   0.02000,
,,,0.016456000000,   0.02000,
,,,0.016460000000,   0.02000,
,,,0.016464000000,   0.02000,
,,,0.016468000000,   0.02000,
,,,0.016472000000,   0.00000,
,,,0.016476000000,   0.00000,
,,,0.016480000000,   0.02000,
,,,0.016484000000,   0.02000,
,,,0.016488000000,   0.02000,
,,,0.016492000000,   0.02000,
,,,0.016496000000,   0.02000,
,,,0.016500000000,   0.02000,
,,,0.016504000000,   0.02000,
,,,0.016508000000,   0.00000,
,,,0.016512000000,   0.02000,
,,,0.016516000000,   0.02000,
,,,0.016520000000,   0.00000,
,,,0.016524000000,   0.00000,
,,,0.016528000000,   0.02000,
,,,0.016532000000,   0.02000,
,,,0.016536000000,   0.02000,
,,,0.016540000000,   0.02000,
,,,0.016544000000,   0.00000,
,,,0.016548000000,   0.02000,
,,,0.016552000000,   0.02000,
,,,0.016556000000,   0.04000,
,,,0.016560000000,   0.00000,
,,,0.016564000000,   0.02000,
,,,0.016568000000,   0.00000,
,,,0.016572000000,   0.02000,
,,,0.016576000000,   0.00000,
,,,0.016580000000,   0.00000,
,,,0.016584000000,   0.00000,
,,,0.016588000000,   0.00000,
,,,0.016592000000,   0.02000,
,,,0.016596000000,   0.02000,
,,,0.016600000000,   0.02000,
,,,0.016604000000,   0.00000,
,,,0.016608000000,   0.00000,
,,,0.016612000000,   0.00000,
,,,0.016616000000,   0.02000,
,,,0.016620000000,   0.00000,
,,,0.016624000000,   0.02000,
,,,0.016628000000,   0.02000,
,,,0.016632000000,   0.02000,
,,,0.016636000000,   0.02000,
,,,0.016640000000,   0.02000,
,,,0.016644000000,   0.02000,
,,,0.016648000000,   0.02000,
,,,0.016652000000,   0.02000,
,,,0.016656000000,   0.02000,
,,,0.016660000000,   0.00000,
,,,0.016664000000,   0.00000,
,,,0.016668000000,   0.02000,
,,,0.016672000000,   0.02000,
,,,0.016676000000,   0.02000,
,,,0.016680000000,   0.02000,
,,,0.016684000000,   0.00000,
,,,0.016688000000,   0.02000,
,,,0.016692000000,   0.02000,
,,,0.016696000000,   0.00000,
,,,0.016700000000,   0.02000,
,,,0.016704000000,   0.02000,
,,,0.016708000000,   0.02000,
,,,0.016712000000,   0.02000,
,,,0.016716000000,   0.02000,
,,,0.016720000000,   0.02000,
,,,0.016724000000,   0.02000,
,,,0.016728000000,   0.00000,
,,,0.016732000000,   0.00000,
,,,0.016736000000,   0.02000,
,,,0.016740000000,   0.02000,
,,,0.016744000000,   0.02000,
,,,0.016748000000,   0.02000,
,,,0.016752000000,   0.00000,
,,,0.016756000000,   0.02000,
,,,0.016760000000,   0.02000,
,,,0.016764000000,   0.02000,
,,,0.016768000000,   0.02000,
,,,0.016772000000,   0.02000,
,,,0.016776000000,   0.02000,
,,,0.016780000000,   0.02000,
,,,0.016784000000,   0.02000,
,,,0.016788000000,   0.02000,
,,,0.016792000000,   0.02000,
,,,0.016796000000,   0.02000,
,,,0.016800000000,   0.02000,
,,,0.016804000000,   0.02000,
,,,0.016808000000,   0.02000,
,,,0.016812000000,   0.02000,
,,,0.016816000000,   0.02000,
,,,0.016820000000,   0.02000,
,,,0.016824000000,   0.02000,
,,,0.016828000000,   0.02000,
,,,0.016832000000,   0.02000,
,,,0.016836000000,   0.02000,
,,,0.016840000000,   0.02000,
,,,0.016844000000,   0.02000,
,,,0.016848000000,   0.02000,
,,,0.016852000000,   0.02000,
,,,0.016856000000,   0.02000,
,,,0.016860000000,   0.02000,
,,,0.016864000000,   0.02000,
,,,0.016868000000,   0.02000,
,,,0.016872000000,   0.02000,
,,,0.016876000000,   0.02000,
,,,0.016880000000,   0.02000,
,,,0.016884000000,   0.02000,
,,,0.016888000000,   0.02000,
,,,0.016892000000,   0.02000,
,,,0.016896000000,   0.00000,
,,,0.016900000000,   0.00000,
,,,0.016904000000,   0.02000,
,,,0.016908000000,   0.02000,
,,,0.016912000000,   0.02000,
,,,0.016916000000,   0.02000,
,,,0.016920000000,   0.00000,
,,,0.016924000000,   0.02000,
,,,0.016928000000,   0.02000,
,,,0.016932000000,   0.02000,
,,,0.016936000000,   0.00000,
,,,0.016940000000,   0.02000,
,,,0.016944000000,   0.02000,
,,,0.016948000000,   0.02000,
,,,0.016952000000,   0.02000,
,,,0.016956000000,   0.02000,
,,,0.016960000000,   0.00000,
,,,0.016964000000,   0.02000,
,,,0.016968000000,   0.02000,
,,,0.016972000000,   0.02000,
,,,0.016976000000,   0.02000,
,,,0.016980000000,   0.02000,
,,,0.016984000000,   0.02000,
,,,0.016988000000,   0.02000,
,,,0.016992000000,   0.02000,
,,,0.016996000000,   0.02000,
,,,0.017000000000,   0.00000,
,,,0.017004000000,   0.02000,
,,,0.017008000000,   0.00000,
,,,0.017012000000,   0.00000,
,,,0.017016000000,   0.02000,
,,,0.017020000000,   0.02000,
,,,0.017024000000,   0.00000,
,,,0.017028000000,   0.02000,
,,,0.017032000000,   0.02000,
,,,0.017036000000,   0.02000,
,,,0.017040000000,   0.02000,
,,,0.017044000000,   0.02000,
,,,0.017048000000,   0.02000,
,,,0.017052000000,   0.00000,
,,,0.017056000000,   0.02000,
,,,0.017060000000,   0.02000,
,,,0.017064000000,   0.02000,
,,,0.017068000000,   0.00000,
,,,0.017072000000,   0.02000,
,,,0.017076000000,   0.02000,
,,,0.017080000000,   0.02000,
,,,0.017084000000,   0.02000,
,,,0.017088000000,   0.02000,
,,,0.017092000000,   0.02000,
,,,0.017096000000,   0.02000,
,,,0.017100000000,   0.02000,
,,,0.017104000000,   0.02000,
,,,0.017108000000,   0.02000,
,,,0.017112000000,   0.02000,
,,,0.017116000000,   0.02000,
,,,0.017120000000,   0.02000,
,,,0.017124000000,   0.02000,
,,,0.017128000000,   0.02000,
,,,0.017132000000,   0.02000,
,,,0.017136000000,   0.00000,
,,,0.017140000000,   0.02000,
,,,0.017144000000,   0.02000,
,,,0.017148000000,   0.02000,
,,,0.017152000000,   0.02000,
,,,0.017156000000,   0.02000,
,,,0.017160000000,   0.02000,
,,,0.017164000000,   0.02000,
,,,0.017168000000,   0.02000,
,,,0.017172000000,   0.00000,
,,,0.017176000000,   0.02000,
,,,0.017180000000,   0.02000,
,,,0.017184000000,   0.02000,
,,,0.017188000000,   0.02000,
,,,0.017192000000,   0.02000,
,,,0.017196000000,   0.02000,
,,,0.017200000000,   0.02000,
,,,0.017204000000,   0.02000,
,,,0.017208000000,   0.02000,
,,,0.017212000000,   0.02000,
,,,0.017216000000,   0.00000,
,,,0.017220000000,   0.02000,
,,,0.017224000000,   0.02000,
,,,0.017228000000,   0.02000,
,,,0.017232000000,   0.02000,
,,,0.017236000000,   0.02000,
,,,0.017240000000,   0.02000,
,,,0.017244000000,   0.02000,
,,,0.017248000000,   0.02000,
,,,0.017252000000,   0.02000,
,,,0.017256000000,   0.02000,
,,,0.017260000000,   0.02000,
,,,0.017264000000,   0.02000,
,,,0.017268000000,   0.02000,
,,,0.017272000000,   0.02000,
,,,0.017276000000,   0.02000,
,,,0.017280000000,   0.00000,
,,,0.017284000000,   0.00000,
,,,0.017288000000,   0.02000,
,,,0.017292000000,   0.02000,
,,,0.017296000000,   0.02000,
,,,0.017300000000,   0.02000,
,,,0.017304000000,   0.02000,
,,,0.017308000000,   0.02000,
,,,0.017312000000,   0.00000,
,,,0.017316000000,   0.02000,
,,,0.017320000000,   0.02000,
,,,0.017324000000,   0.02000,
,,,0.017328000000,   0.02000,
,,,0.017332000000,   0.02000,
,,,0.017336000000,   0.02000,
,,,0.017340000000,   0.02000,
,,,0.017344000000,   0.00000,
,,,0.017348000000,   0.02000,
,,,0.017352000000,   0.02000,
,,,0.017356000000,   0.02000,
,,,0.017360000000,   0.02000,
,,,0.017364000000,   0.02000,
,,,0.017368000000,   0.02000,
,,,0.017372000000,   0.02000,
,,,0.017376000000,   0.00000,
,,,0.017380000000,   0.00000,
,,,0.017384000000,   0.02000,
,,,0.017388000000,   0.02000,
,,,0.017392000000,   0.02000,
,,,0.017396000000,   0.02000,
,,,0.017400000000,   0.02000,
,,,0.017404000000,   0.02000,
,,,0.017408000000,   0.02000,
,,,0.017412000000,   0.02000,
,,,0.017416000000,   0.02000,
,,,0.017420000000,   0.02000,
,,,0.017424000000,   0.02000,
,,,0.017428000000,   0.02000,
,,,0.017432000000,   0.02000,
,,,0.017436000000,   0.02000,
,,,0.017440000000,   0.00000,
,,,0.017444000000,   0.02000,
,,,0.017448000000,   0.00000,
,,,0.017452000000,   0.02000,
,,,0.017456000000,   0.00000,
,,,0.017460000000,   0.02000,
,,,0.017464000000,   0.02000,
,,,0.017468000000,   0.00000,
,,,0.017472000000,   0.02000,
,,,0.017476000000,   0.02000,
,,,0.017480000000,   0.02000,
,,,0.017484000000,   0.02000,
,,,0.017488000000,   0.00000,
,,,0.017492000000,   0.02000,
,,,0.017496000000,   0.02000,
,,,0.017500000000,   0.02000,
,,,0.017504000000,   0.02000,
,,,0.017508000000,   0.02000,
,,,0.017512000000,   0.02000,
,,,0.017516000000,   0.02000,
,,,0.017520000000,   0.02000,
,,,0.017524000000,   0.02000,
,,,0.017528000000,   0.00000,
,,,0.017532000000,   0.02000,
,,,0.017536000000,   0.02000,
,,,0.017540000000,   0.02000,
,,,0.017544000000,   0.00000,
,,,0.017548000000,   0.02000,
,,,0.017552000000,   0.00000,
,,,0.017556000000,   0.02000,
,,,0.017560000000,   0.00000,
,,,0.017564000000,   0.02000,
,,,0.017568000000,   0.02000,
,,,0.017572000000,   0.00000,
,,,0.017576000000,   0.02000,
,,,0.017580000000,   0.02000,
,,,0.017584000000,   0.02000,
,,,0.017588000000,   0.02000,
,,,0.017592000000,   0.02000,
,,,0.017596000000,   0.02000,
,,,0.017600000000,   0.02000,
,,,0.017604000000,   0.02000,
,,,0.017608000000,   0.02000,
,,,0.017612000000,   0.02000,
,,,0.017616000000,   0.02000,
,,,0.017620000000,   0.02000,
,,,0.017624000000,   0.02000,
,,,0.017628000000,   0.02000,
,,,0.017632000000,   0.02000,
,,,0.017636000000,   0.02000,
,,,0.017640000000,   0.00000,
,,,0.017644000000,   0.02000,
,,,0.017648000000,   0.02000,
,,,0.017652000000,   0.02000,
,,,0.017656000000,   0.02000,
,,,0.017660000000,   0.02000,
,,,0.017664000000,   0.02000,
,,,0.017668000000,   0.02000,
,,,0.017672000000,   0.02000,
,,,0.017676000000,   0.02000,
,,,0.017680000000,   0.02000,
,,,0.017684000000,   0.02000,
,,,0.017688000000,   0.02000,
,,,0.017692000000,   0.02000,
,,,0.017696000000,   0.02000,
,,,0.017700000000,   0.02000,
,,,0.017704000000,   0.00000,
,,,0.017708000000,   0.00000,
,,,0.017712000000,   0.02000,
,,,0.017716000000,   0.02000,
,,,0.017720000000,   0.02000,
,,,0.017724000000,   0.02000,
,,,0.017728000000,   0.02000,
,,,0.017732000000,   0.02000,
,,,0.017736000000,   0.02000,
,,,0.017740000000,   0.02000,
,,,0.017744000000,   0.02000,
,,,0.017748000000,   0.04000,
,,,0.017752000000,   0.02000,
,,,0.017756000000,   0.02000,
,,,0.017760000000,   0.02000,
,,,0.017764000000,   0.02000,
,,,0.017768000000,   0.02000,
,,,0.017772000000,   0.02000,
,,,0.017776000000,   0.02000,
,,,0.017780000000,   0.02000,
,,,0.017784000000,   0.02000,
,,,0.017788000000,   0.00000,
,,,0.017792000000,   0.00000,
,,,0.017796000000,   0.02000,
,,,0.017800000000,   0.02000,
,,,0.017804000000,   0.02000,
,,,0.017808000000,   0.02000,
,,,0.017812000000,   0.00000,
,,,0.017816000000,   0.02000,
,,,0.017820000000,   0.02000,
,,,0.017824000000,   0.02000,
,,,0.017828000000,   0.02000,
,,,0.017832000000,   0.02000,
,,,0.017836000000,   0.02000,
,,,0.017840000000,   0.02000,
,,,0.017844000000,   0.02000,
,,,0.017848000000,   0.02000,
,,,0.017852000000,   0.02000,
,,,0.017856000000,   0.02000,
,,,0.017860000000,   0.02000,
,,,0.017864000000,   0.02000,
,,,0.017868000000,   0.02000,
,,,0.017872000000,   0.02000,
,,,0.017876000000,   0.02000,
,,,0.017880000000,   0.02000,
,,,0.017884000000,   0.02000,
,,,0.017888000000,   0.02000,
,,,0.017892000000,   0.02000,
,,,0.017896000000,   0.02000,
,,,0.017900000000,   0.02000,
,,,0.017904000000,   0.02000,
,,,0.017908000000,   0.02000,
,,,0.017912000000,   0.02000,
,,,0.017916000000,   0.02000,
,,,0.017920000000,   0.02000,
,,,0.017924000000,   0.02000,
,,,0.017928000000,   0.02000,
,,,0.017932000000,   0.02000,
,,,0.017936000000,   0.02000,
,,,0.017940000000,   0.02000,
,,,0.017944000000,   0.02000,
,,,0.017948000000,   0.02000,
,,,0.017952000000,   0.02000,
,,,0.017956000000,   0.02000,
,,,0.017960000000,   0.02000,
,,,0.017964000000,   0.02000,
,,,0.017968000000,   0.02000,
,,,0.017972000000,   0.02000,
,,,0.017976000000,   0.02000,
,,,0.017980000000,   0.02000,
,,,0.017984000000,   0.02000,
,,,0.017988000000,   0.02000,
,,,0.017992000000,   0.02000,
,,,0.017996000000,   0.02000,
,,,0.018000000000,   0.02000,
,,,0.018004000000,   0.02000,
,,,0.018008000000,   0.02000,
,,,0.018012000000,   0.02000,
,,,0.018016000000,   0.02000,
,,,0.018020000000,   0.04000,
,,,0.018024000000,   0.02000,
,,,0.018028000000,   0.02000,
,,,0.018032000000,   0.02000,
,,,0.018036000000,   0.02000,
,,,0.018040000000,   0.02000,
,,,0.018044000000,   0.02000,
,,,0.018048000000,   0.02000,
,,,0.018052000000,   0.02000,
,,,0.018056000000,   0.02000,
,,,0.018060000000,   0.02000,
,,,0.018064000000,   0.00000,
,,,0.018068000000,   0.02000,
,,,0.018072000000,   0.02000,
,,,0.018076000000,   0.02000,
,,,0.018080000000,   0.02000,
,,,0.018084000000,   0.02000,
,,,0.018088000000,   0.02000,
,,,0.018092000000,   0.02000,
,,,0.018096000000,   0.02000,
,,,0.018100000000,   0.02000,
,,,0.018104000000,   0.02000,
,,,0.018108000000,   0.02000,
,,,0.018112000000,   0.02000,
,,,0.018116000000,   0.04000,
,,,0.018120000000,   0.02000,
,,,0.018124000000,   0.02000,
,,,0.018128000000,   0.02000,
,,,0.018132000000,   0.02000,
,,,0.018136000000,   0.02000,
,,,0.018140000000,   0.02000,
,,,0.018144000000,   0.02000,
,,,0.018148000000,   0.02000,
,,,0.018152000000,   0.02000,
,,,0.018156000000,   0.02000,
,,,0.018160000000,   0.02000,
,,,0.018164000000,   0.02000,
,,,0.018168000000,   0.02000,
,,,0.018172000000,   0.02000,
,,,0.018176000000,   0.02000,
,,,0.018180000000,   0.02000,
,,,0.018184000000,   0.02000,
,,,0.018188000000,   0.02000,
,,,0.018192000000,   0.02000,
,,,0.018196000000,   0.02000,
,,,0.018200000000,   0.02000,
,,,0.018204000000,   0.02000,
,,,0.018208000000,   0.02000,
,,,0.018212000000,   0.02000,
,,,0.018216000000,   0.02000,
,,,0.018220000000,   0.02000,
,,,0.018224000000,   0.04000,
,,,0.018228000000,   0.02000,
,,,0.018232000000,   0.02000,
,,,0.018236000000,   0.02000,
,,,0.018240000000,   0.02000,
,,,0.018244000000,   0.02000,
,,,0.018248000000,   0.04000,
,,,0.018252000000,   0.02000,
,,,0.018256000000,   0.02000,
,,,0.018260000000,   0.02000,
,,,0.018264000000,   0.02000,
,,,0.018268000000,   0.02000,
,,,0.018272000000,   0.02000,
,,,0.018276000000,   0.04000,
,,,0.018280000000,   0.02000,
,,,0.018284000000,   0.02000,
,,,0.018288000000,   0.02000,
,,,0.018292000000,   0.02000,
,,,0.018296000000,   0.04000,
,,,0.018300000000,   0.02000,
,,,0.018304000000,   0.02000,
,,,0.018308000000,   0.04000,
,,,0.018312000000,   0.02000,
,,,0.018316000000,   0.02000,
,,,0.018320000000,   0.02000,
,,,0.018324000000,   0.04000,
,,,0.018328000000,   0.02000,
,,,0.018332000000,   0.04000,
,,,0.018336000000,   0.02000,
,,,0.018340000000,   0.02000,
,,,0.018344000000,   0.04000,
,,,0.018348000000,   0.04000,
,,,0.018352000000,   0.02000,
,,,0.018356000000,   0.04000,
,,,0.018360000000,   0.02000,
,,,0.018364000000,   0.04000,
,,,0.018368000000,   0.04000,
,,,0.018372000000,   0.04000,
,,,0.018376000000,   0.02000,
,,,0.018380000000,   0.04000,
,,,0.018384000000,   0.02000,
,,,0.018388000000,   0.04000,
,,,0.018392000000,   0.04000,
,,,0.018396000000,   0.04000,
,,,0.018400000000,   0.04000,
,,,0.018404000000,   0.04000,
,,,0.018408000000,   0.04000,
,,,0.018412000000,   0.04000,
,,,0.018416000000,   0.04000,
,,,0.018420000000,   0.04000,
,,,0.018424000000,   0.02000,
,,,0.018428000000,   0.02000,
,,,0.018432000000,   0.04000,
,,,0.018436000000,   0.04000,
,,,0.018440000000,   0.04000,
,,,0.018444000000,   0.04000,
,,,0.018448000000,   0.04000,
,,,0.018452000000,   0.04000,
,,,0.018456000000,   0.04000,
,,,0.018460000000,   0.04000,
,,,0.018464000000,   0.04000,
,,,0.018468000000,   0.04000,
,,,0.018472000000,   0.02000,
,,,0.018476000000,   0.04000,
,,,0.018480000000,   0.04000,
,,,0.018484000000,   0.04000,
,,,0.018488000000,   0.04000,
,,,0.018492000000,   0.04000,
,,,0.018496000000,   0.04000,
,,,0.018500000000,   0.04000,
,,,0.018504000000,   0.04000,
,,,0.018508000000,   0.06000,
,,,0.018512000000,   0.04000,
,,,0.018516000000,   0.04000,
,,,0.018520000000,   0.02000,
,,,0.018524000000,   0.04000,
,,,0.018528000000,   0.04000,
,,,0.018532000000,   0.04000,
,,,0.018536000000,   0.04000,
,,,0.018540000000,   0.04000,
,,,0.018544000000,   0.04000,
,,,0.018548000000,   0.04000,
,,,0.018552000000,   0.04000,
,,,0.018556000000,   0.06000,
,,,0.018560000000,   0.04000,
,,,0.018564000000,   0.06000,
,,,0.018568000000,   0.04000,
,,,0.018572000000,   0.06000,
,,,0.018576000000,   0.04000,
,,,0.018580000000,   0.06000,
,,,0.018584000000,   0.04000,
,,,0.018588000000,   0.06000,
,,,0.018592000000,   0.04000,
,,,0.018596000000,   0.06000,
,,,0.018600000000,   0.04000,
,,,0.018604000000,   0.06000,
,,,0.018608000000,   0.04000,
,,,0.018612000000,   0.06000,
,,,0.018616000000,   0.04000,
,,,0.018620000000,   0.06000,
,,,0.018624000000,   0.04000,
,,,0.018628000000,   0.06000,
,,,0.018632000000,   0.06000,
,,,0.018636000000,   0.06000,
,,,0.018640000000,   0.06000,
,,,0.018644000000,   0.06000,
,,,0.018648000000,   0.06000,
,,,0.018652000000,   0.06000,
,,,0.018656000000,   0.06000,
,,,0.018660000000,   0.08000,
,,,0.018664000000,   0.06000,
,,,0.018668000000,   0.06000,
,,,0.018672000000,   0.06000,
,,,0.018676000000,   0.06000,
,,,0.018680000000,   0.06000,
,,,0.018684000000,   0.08000,
,,,0.018688000000,   0.08000,
,,,0.018692000000,   0.08000,
,,,0.018696000000,   0.08000,
,,,0.018700000000,   0.08000,
,,,0.018704000000,   0.08000,
,,,0.018708000000,   0.08000,
,,,0.018712000000,   0.10000,
,,,0.018716000000,   0.10000,
,,,0.018720000000,   0.10000,
,,,0.018724000000,   0.12000,
,,,0.018728000000,   0.10000,
,,,0.018732000000,   0.10000,
,,,0.018736000000,   0.12000,
,,,0.018740000000,   0.12000,
,,,0.018744000000,   0.12000,
,,,0.018748000000,   0.10000,
,,,0.018752000000,   0.14000,
,,,0.018756000000,   0.12000,
,,,0.018760000000,   0.14000,
,,,0.018764000000,   0.12000,
,,,0.018768000000,   0.14000,
,,,0.018772000000,   0.14000,
,,,0.018776000000,   0.16000,
,,,0.018780000000,   0.16000,
,,,0.018784000000,   0.16000,
,,,0.018788000000,   0.18000,
,,,0.018792000000,   0.18000,
,,,0.018796000000,   0.18000,
,,,0.018800000000,   0.18000,
,,,0.018804000000,   0.18000,
,,,0.018808000000,   0.20000,
,,,0.018812000000,   0.22000,
,,,0.018816000000,   0.22000,
,,,0.018820000000,   0.22000,
,,,0.018824000000,   0.24000,
,,,0.018828000000,   0.26000,
,,,0.018832000000,   0.24000,
,,,0.018836000000,   0.26000,
,,,0.018840000000,   0.28000,
,,,0.018844000000,   0.28000,
,,,0.018848000000,   0.28000,
,,,0.018852000000,   0.30000,
,,,0.018856000000,   0.32000,
,,,0.018860000000,   0.32000,
,,,0.018864000000,   0.34000,
,,,0.018868000000,   0.34000,
,,,0.018872000000,   0.36000,
,,,0.018876000000,   0.36000,
,,,0.018880000000,   0.36000,
,,,0.018884000000,   0.38000,
,,,0.018888000000,   0.40000,
,,,0.018892000000,   0.40000,
,,,0.018896000000,   0.42000,
,,,0.018900000000,   0.42000,
,,,0.018904000000,   0.44000,
,,,0.018908000000,   0.44000,
,,,0.018912000000,   0.46000,
,,,0.018916000000,   0.46000,
,,,0.018920000000,   0.48000,
,,,0.018924000000,   0.48000,
,,,0.018928000000,   0.52000,
,,,0.018932000000,   0.54000,
,,,0.018936000000,   0.52000,
,,,0.018940000000,   0.54000,
,,,0.018944000000,   0.54000,
,,,0.018948000000,   0.56000,
,,,0.018952000000,   0.58000,
,,,0.018956000000,   0.58000,
,,,0.018960000000,   0.58000,
,,,0.018964000000,   0.58000,
,,,0.018968000000,   0.60000,
,,,0.018972000000,   0.62000,
,,,0.018976000000,   0.62000,
,,,0.018980000000,   0.64000,
,,,0.018984000000,   0.64000,
,,,0.018988000000,   0.66000,
,,,0.018992000000,   0.68000,
,,,0.018996000000,   0.68000,
,,,0.019000000000,   0.70000,
,,,0.019004000000,   0.68000,
,,,0.019008000000,   0.68000,
,,,0.019012000000,   0.68000,
,,,0.019016000000,   0.70000,
,,,0.019020000000,   0.70000,
,,,0.019024000000,   0.74000,
,,,0.019028000000,   0.72000,
,,,0.019032000000,   0.74000,
,,,0.019036000000,   0.74000,
,,,0.019040000000,   0.74000,
,,,0.019044000000,   0.74000,
,,,0.019048000000,   0.76000,
,,,0.019052000000,   0.74000,
,,,0.019056000000,   0.74000,
,,,0.019060000000,   0.76000,
,,,0.019064000000,   0.76000,
,,,0.019068000000,   0.76000,
,,,0.019072000000,   0.78000,
,,,0.019076000000,   0.76000,
,,,0.019080000000,   0.78000,
,,,0.019084000000,   0.76000,
,,,0.019088000000,   0.78000,
,,,0.019092000000,   0.76000,
,,,0.019096000000,   0.78000,
,,,0.019100000000,   0.76000,
,,,0.019104000000,   0.76000,
,,,0.019108000000,   0.76000,
,,,0.019112000000,   0.76000,
,,,0.019116000000,   0.76000,
,,,0.019120000000,   0.78000,
,,,0.019124000000,   0.76000,
,,,0.019128000000,   0.78000,
,,,0.019132000000,   0.76000,
,,,0.019136000000,   0.76000,
,,,0.019140000000,   0.74000,
,,,0.019144000000,   0.74000,
,,,0.019148000000,   0.74000,
,,,0.019152000000,   0.74000,
,,,0.019156000000,   0.72000,
,,,0.019160000000,   0.72000,
,,,0.019164000000,   0.72000,
,,,0.019168000000,   0.72000,
,,,0.019172000000,   0.70000,
,,,0.019176000000,   0.70000,
,,,0.019180000000,   0.70000,
,,,0.019184000000,   0.70000,
,,,0.019188000000,   0.70000,
,,,0.019192000000,   0.68000,
,,,0.019196000000,   0.68000,
,,,0.019200000000,   0.66000,
,,,0.019204000000,   0.66000,
,,,0.019208000000,   0.64000,
,,,0.019212000000,   0.64000,
,,,0.019216000000,   0.62000,
,,,0.019220000000,   0.62000,
,,,0.019224000000,   0.62000,
,,,0.019228000000,   0.60000,
,,,0.019232000000,   0.60000,
,,,0.019236000000,   0.62000,
,,,0.019240000000,   0.60000,
,,,0.019244000000,   0.60000,
,,,0.019248000000,   0.58000,
,,,0.019252000000,   0.58000,
,,,0.019256000000,   0.56000,
,,,0.019260000000,   0.56000,
,,,0.019264000000,   0.54000,
,,,0.019268000000,   0.54000,
,,,0.019272000000,   0.52000,
,,,0.019276000000,   0.54000,
,,,0.019280000000,   0.50000,
,,,0.019284000000,   0.50000,
,,,0.019288000000,   0.50000,
,,,0.019292000000,   0.50000,
,,,0.019296000000,   0.48000,
,,,0.019300000000,   0.48000,
,,,0.019304000000,   0.48000,
,,,0.019308000000,   0.46000,
,,,0.019312000000,   0.44000,
,,,0.019316000000,   0.46000,
,,,0.019320000000,   0.44000,
,,,0.019324000000,   0.46000,
,,,0.019328000000,   0.42000,
,,,0.019332000000,   0.42000,
,,,0.019336000000,   0.42000,
,,,0.019340000000,   0.42000,
,,,0.019344000000,   0.40000,
,,,0.019348000000,   0.40000,
,,,0.019352000000,   0.40000,
,,,0.019356000000,   0.40000,
,,,0.019360000000,   0.36000,
,,,0.019364000000,   0.36000,
,,,0.019368000000,   0.36000,
,,,0.019372000000,   0.36000,
,,,0.019376000000,   0.34000,
,,,0.019380000000,   0.34000,
,,,0.019384000000,   0.34000,
,,,0.019388000000,   0.32000,
,,,0.019392000000,   0.32000,
,,,0.019396000000,   0.32000,
,,,0.019400000000,   0.30000,
,,,0.019404000000,   0.32000,
,,,0.019408000000,   0.30000,
,,,0.019412000000,   0.30000,
,,,0.019416000000,   0.30000,
,,,0.019420000000,   0.28000,
,,,0.019424000000,   0.28000,
,,,0.019428000000,   0.28000,
,,,0.019432000000,   0.26000,
,,,0.019436000000,   0.28000,
,,,0.019440000000,   0.26000,
,,,0.019444000000,   0.26000,
,,,0.019448000000,   0.26000,
,,,0.019452000000,   0.24000,
,,,0.019456000000,   0.24000,
,,,0.019460000000,   0.24000,
,,,0.019464000000,   0.24000,
,,,0.019468000000,   0.26000,
,,,0.019472000000,   0.24000,
,,,0.019476000000,   0.24000,
,,,0.019480000000,   0.22000,
,,,0.019484000000,   0.24000,
,,,0.019488000000,   0.20000,
,,,0.019492000000,   0.22000,
,,,0.019496000000,   0.20000,
,,,0.019500000000,   0.20000,
,,,0.019504000000,   0.20000,
,,,0.019508000000,   0.20000,
,,,0.019512000000,   0.20000,
,,,0.019516000000,   0.20000,
,,,0.019520000000,   0.20000,
,,,0.019524000000,   0.20000,
,,,0.019528000000,   0.18000,
,,,0.019532000000,   0.18000,
,,,0.019536000000,   0.18000,
,,,0.019540000000,   0.18000,
,,,0.019544000000,   0.16000,
,,,0.019548000000,   0.16000,
,,,0.019552000000,   0.16000,
,,,0.019556000000,   0.16000,
,,,0.019560000000,   0.16000,
,,,0.019564000000,   0.16000,
,,,0.019568000000,   0.14000,
,,,0.019572000000,   0.14000,
,,,0.019576000000,   0.14000,
,,,0.019580000000,   0.14000,
,,,0.019584000000,   0.14000,
,,,0.019588000000,   0.14000,
,,,0.019592000000,   0.14000,
,,,0.019596000000,   0.14000,
,,,0.019600000000,   0.12000,
,,,0.019604000000,   0.12000,
,,,0.019608000000,   0.12000,
,,,0.019612000000,   0.12000,
,,,0.019616000000,   0.12000,
,,,0.019620000000,   0.12000,
,,,0.019624000000,   0.12000,
,,,0.019628000000,   0.12000,
,,,0.019632000000,   0.10000,
,,,0.019636000000,   0.12000,
,,,0.019640000000,   0.12000,
,,,0.019644000000,   0.10000,
,,,0.019648000000,   0.10000,
,,,0.019652000000,   0.10000,
,,,0.019656000000,   0.10000,
,,,0.019660000000,   0.10000,
,,,0.019664000000,   0.08000,
,,,0.019668000000,   0.10000,
,,,0.019672000000,   0.08000,
,,,0.019676000000,   0.08000,
,,,0.019680000000,   0.08000,
,,,0.019684000000,   0.08000,
,,,0.019688000000,   0.08000,
,,,0.019692000000,   0.08000,
,,,0.019696000000,   0.08000,
,,,0.019700000000,   0.08000,
,,,0.019704000000,   0.08000,
,,,0.019708000000,   0.08000,
,,,0.019712000000,   0.06000,
,,,0.019716000000,   0.08000,
,,,0.019720000000,   0.06000,
,,,0.019724000000,   0.08000,
,,,0.019728000000,   0.08000,
,,,0.019732000000,   0.08000,
,,,0.019736000000,   0.08000,
,,,0.019740000000,   0.08000,
,,,0.019744000000,   0.06000,
,,,0.019748000000,   0.06000,
,,,0.019752000000,   0.06000,
,,,0.019756000000,   0.06000,
,,,0.019760000000,   0.06000,
,,,0.019764000000,   0.08000,
,,,0.019768000000,   0.04000,
,,,0.019772000000,   0.06000,
,,,0.019776000000,   0.06000,
,,,0.019780000000,   0.06000,
,,,0.019784000000,   0.04000,
,,,0.019788000000,   0.06000,
,,,0.019792000000,   0.06000,
,,,0.019796000000,   0.06000,
,,,0.019800000000,   0.06000,
,,,0.019804000000,   0.06000,
,,,0.019808000000,   0.04000,
,,,0.019812000000,   0.06000,
,,,0.019816000000,   0.04000,
,,,0.019820000000,   0.06000,
,,,0.019824000000,   0.02000,
,,,0.019828000000,   0.06000,
,,,0.019832000000,   0.04000,
,,,0.019836000000,   0.04000,
,,,0.019840000000,   0.04000,
,,,0.019844000000,   0.06000,
,,,0.019848000000,   0.04000,
,,,0.019852000000,   0.04000,
,,,0.019856000000,   0.04000,
,,,0.019860000000,   0.04000,
,,,0.019864000000,   0.02000,
,,,0.019868000000,   0.04000,
,,,0.019872000000,   0.04000,
,,,0.019876000000,   0.06000,
,,,0.019880000000,   0.04000,
,,,0.019884000000,   0.04000,
,,,0.019888000000,   0.04000,
,,,0.019892000000,   0.04000,
,,,0.019896000000,   0.02000,
,,,0.019900000000,   0.04000,
,,,0.019904000000,   0.04000,
,,,0.019908000000,   0.04000,
,,,0.019912000000,   0.04000,
,,,0.019916000000,   0.04000,
,,,0.019920000000,   0.04000,
,,,0.019924000000,   0.04000,
,,,0.019928000000,   0.02000,
,,,0.019932000000,   0.04000,
,,,0.019936000000,   0.02000,
,,,0.019940000000,   0.04000,
,,,0.019944000000,   0.02000,
,,,0.019948000000,   0.04000,
,,,0.019952000000,   0.02000,
,,,0.019956000000,   0.04000,
,,,0.019960000000,   0.02000,
,,,0.019964000000,   0.02000,
,,,0.019968000000,   0.02000,
,,,0.019972000000,   0.02000,
,,,0.019976000000,   0.02000,
,,,0.019980000000,   0.02000,
,,,0.019984000000,   0.02000,
,,,0.019988000000,   0.02000,
,,,0.019992000000,   0.02000,
,,,0.019996000000,   0.02000,
,,,0.020000000000,   0.02000,
,,,0.020004000000,   0.02000,
,,,0.020008000000,   0.02000,
,,,0.020012000000,   0.02000,
,,,0.020016000000,   0.02000,
,,,0.020020000000,   0.04000,
,,,0.020024000000,   0.02000,
,,,0.020028000000,   0.02000,
,,,0.020032000000,   0.02000,
,,,0.020036000000,   0.02000,
,,,0.020040000000,   0.02000,
,,,0.020044000000,   0.02000,
,,,0.020048000000,   0.02000,
,,,0.020052000000,   0.02000,
,,,0.020056000000,   0.02000,
,,,0.020060000000,   0.02000,
,,,0.020064000000,   0.02000,
,,,0.020068000000,   0.02000,
,,,0.020072000000,   0.02000,
,,,0.020076000000,   0.02000,
,,,0.020080000000,   0.02000,
,,,0.020084000000,   0.02000,
,,,0.020088000000,   0.02000,
,,,0.020092000000,   0.02000,
,,,0.020096000000,   0.02000,
,,,0.020100000000,   0.02000,
,,,0.020104000000,   0.00000,
,,,0.020108000000,   0.02000,
,,,0.020112000000,   0.02000,
,,,0.020116000000,   0.02000,
,,,0.020120000000,   0.02000,
,,,0.020124000000,   0.02000,
,,,0.020128000000,   0.02000,
,,,0.020132000000,   0.02000,
,,,0.020136000000,   0.02000,
,,,0.020140000000,   0.00000,
,,,0.020144000000,   0.02000,
,,,0.020148000000,   0.02000,
,,,0.020152000000,   0.02000,
,,,0.020156000000,   0.02000,
,,,0.020160000000,   0.02000,
,,,0.020164000000,   0.02000,
,,,0.020168000000,   0.02000,
,,,0.020172000000,   0.02000,
,,,0.020176000000,   0.02000,
,,,0.020180000000,   0.02000,
,,,0.020184000000,   0.00000,
,,,0.020188000000,   0.00000,
,,,0.020192000000,   0.02000,
,,,0.020196000000,   0.02000,
,,,0.020200000000,   0.02000,
,,,0.020204000000,   0.02000,
,,,0.020208000000,   0.00000,
,,,0.020212000000,   0.00000,
,,,0.020216000000,   0.00000,
,,,0.020220000000,   0.02000,
,,,0.020224000000,   0.02000,
,,,0.020228000000,   0.00000,
,,,0.020232000000,   0.02000,
,,,0.020236000000,   0.02000,
,,,0.020240000000,   0.00000,
,,,0.020244000000,   0.00000,
,,,0.020248000000,   0.00000,
,,,0.020252000000,   0.02000,
,,,0.020256000000,   0.02000,
,,,0.020260000000,   0.02000,
,,,0.020264000000,   0.02000,
,,,0.020268000000,   0.00000,
,,,0.020272000000,   0.00000,
,,,0.020276000000,   0.00000,
,,,0.020280000000,   0.00000,
,,,0.020284000000,   0.00000,
,,,0.020288000000,   0.00000,
,,,0.020292000000,   0.00000,
,,,0.020296000000,   0.00000,
,,,0.020300000000,   0.00000,
,,,0.020304000000,   0.00000,
,,,0.020308000000,   0.02000,
,,,0.020312000000,   0.00000,
,,,0.020316000000,   0.02000,
,,,0.020320000000,   0.02000,
,,,0.020324000000,   0.00000,
,,,0.020328000000,   0.00000,
,,,0.020332000000,   0.00000,
,,,0.020336000000,   0.00000,
,,,0.020340000000,   0.00000,
,,,0.020344000000,   0.00000,
,,,0.020348000000,   0.02000,
,,,0.020352000000,   0.00000,
,,,0.020356000000,   0.02000,
,,,0.020360000000,   0.00000,
,,,0.020364000000,   0.00000,
,,,0.020368000000,   0.00000,
,,,0.020372000000,   0.02000,
,,,0.020376000000,   0.00000,
,,,0.020380000000,   0.00000,
,,,0.020384000000,   0.00000,
,,,0.020388000000,   0.02000,
,,,0.020392000000,   0.00000,
,,,0.020396000000,   0.00000,
,,,0.020400000000,   0.00000,
,,,0.020404000000,   0.00000,
,,,0.020408000000,   0.00000,
,,,0.020412000000,   0.00000,
,,,0.020416000000,   0.00000,
,,,0.020420000000,   0.02000,
,,,0.020424000000,   0.00000,
,,,0.020428000000,   0.00000,
,,,0.020432000000,   0.02000,
,,,0.020436000000,   0.02000,
,,,0.020440000000,   0.00000,
,,,0.020444000000,   0.00000,
,,,0.020448000000,   0.00000,
,,,0.020452000000,   0.00000,
,,,0.020456000000,   0.00000,
,,,0.020460000000,   0.00000,
,,,0.020464000000,   0.00000,
,,,0.020468000000,   0.00000,
,,,0.020472000000,   0.02000,
,,,0.020476000000,   0.00000,
,,,0.020480000000,   0.00000,
,,,0.020484000000,   0.00000,
,,,0.020488000000,   0.00000,
,,,0.020492000000,   0.00000,
,,,0.020496000000,   0.00000,
,,,0.020500000000,   0.02000,
,,,0.020504000000,   0.00000,
,,,0.020508000000,   0.00000,
,,,0.020512000000,   0.00000,
,,,0.020516000000,   0.02000,
,,,0.020520000000,   0.00000,
,,,0.020524000000,   0.00000,
,,,0.020528000000,   0.00000,
,,,0.020532000000,   0.00000,
,,,0.020536000000,   0.00000,
,,,0.020540000000,   0.02000,
,,,0.020544000000,   0.00000,
,,,0.020548000000,   0.00000,
,,,0.020552000000,   0.00000,
,,,0.020556000000,   0.00000,
,,,0.020560000000,   0.00000,
,,,0.020564000000,   0.00000,
,,,0.020568000000,   0.00000,
,,,0.020572000000,   0.00000,
,,,0.020576000000,   0.00000,
,,,0.020580000000,   0.00000,
,,,0.020584000000,   0.00000,
,,,0.020588000000,   0.02000,
,,,0.020592000000,   0.00000,
,,,0.020596000000,   0.00000,
,,,0.020600000000,   0.00000,
,,,0.020604000000,   0.00000,
,,,0.020608000000,   0.00000,
,,,0.020612000000,   0.00000,
,,,0.020616000000,   0.00000,
,,,0.020620000000,   0.00000,
,,,0.020624000000,   0.00000,
,,,0.020628000000,   0.00000,
,,,0.020632000000,   0.00000,
,,,0.020636000000,   0.00000,
,,,0.020640000000,   0.00000,
,,,0.020644000000,   0.00000,
,,,0.020648000000,   0.00000,
,,,0.020652000000,   0.00000,
,,,0.020656000000,   0.00000,
,,,0.020660000000,   0.00000,
,,,0.020664000000,  -0.02000,
,,,0.020668000000,   0.00000,
,,,0.020672000000,   0.00000,
,,,0.020676000000,   0.00000,
,,,0.020680000000,   0.00000,
,,,0.020684000000,   0.00000,
,,,0.020688000000,   0.00000,
,,,0.020692000000,   0.00000,
,,,0.020696000000,   0.00000,
,,,0.020700000000,   0.02000,
,,,0.020704000000,   0.00000,
,,,0.020708000000,   0.00000,
,,,0.020712000000,   0.00000,
,,,0.020716000000,   0.00000,
,,,0.020720000000,   0.00000,
,,,0.020724000000,   0.02000,
,,,0.020728000000,   0.00000,
,,,0.020732000000,   0.00000,
,,,0.020736000000,   0.00000,
,,,0.020740000000,   0.00000,
,,,0.020744000000,   0.00000,
,,,0.020748000000,   0.00000,
,,,0.020752000000,  -0.02000,
,,,0.020756000000,   0.00000,
,,,0.020760000000,   0.00000,
,,,0.020764000000,   0.00000,
,,,0.020768000000,   0.00000,
,,,0.020772000000,   0.00000,
,,,0.020776000000,   0.00000,
,,,0.020780000000,   0.02000,
,,,0.020784000000,   0.00000,
,,,0.020788000000,   0.02000,
,,,0.020792000000,   0.00000,
,,,0.020796000000,   0.00000,
,,,0.020800000000,   0.02000,
,,,0.020804000000,   0.02000,
,,,0.020808000000,   0.00000,
,,,0.020812000000,   0.00000,
,,,0.020816000000,   0.00000,
,,,0.020820000000,   0.00000,
,,,0.020824000000,   0.00000,
,,,0.020828000000,   0.02000,
,,,0.020832000000,  -0.02000,
,,,0.020836000000,   0.00000,
,,,0.020840000000,   0.00000,
,,,0.020844000000,   0.00000,
,,,0.020848000000,   0.00000,
,,,0.020852000000,   0.00000,
,,,0.020856000000,   0.00000,
,,,0.020860000000,   0.02000,
,,,0.020864000000,   0.00000,
,,,0.020868000000,   0.00000,
,,,0.020872000000,   0.00000,
,,,0.020876000000,   0.00000,
,,,0.020880000000,   0.00000,
,,,0.020884000000,   0.00000,
,,,0.020888000000,   0.00000,
,,,0.020892000000,   0.00000,
,,,0.020896000000,   0.00000,
,,,0.020900000000,   0.00000,
,,,0.020904000000,   0.00000,
,,,0.020908000000,   0.00000,
,,,0.020912000000,  -0.02000,
,,,0.020916000000,   0.00000,
,,,0.020920000000,   0.00000,
,,,0.020924000000,   0.00000,
,,,0.020928000000,   0.00000,
,,,0.020932000000,   0.00000,
,,,0.020936000000,   0.00000,
,,,0.020940000000,   0.00000,
,,,0.020944000000,   0.00000,
,,,0.020948000000,   0.02000,
,,,0.020952000000,  -0.02000,
,,,0.020956000000,   0.00000,
,,,0.020960000000,   0.00000,
,,,0.020964000000,   0.00000,
,,,0.020968000000,   0.00000,
,,,0.020972000000,   0.00000,
,,,0.020976000000,   0.00000,
,,,0.020980000000,   0.02000,
,,,0.020984000000,   0.00000,
,,,0.020988000000,   0.00000,
,,,0.020992000000,   0.02000,
,,,0.020996000000,   0.02000,
,,,0.021000000000,   0.00000,
,,,0.021004000000,   0.00000,
,,,0.021008000000,   0.02000,
,,,0.021012000000,   0.00000,
,,,0.021016000000,   0.00000,
,,,0.021020000000,   0.00000,
,,,0.021024000000,   0.00000,
,,,0.021028000000,   0.00000,
,,,0.021032000000,   0.00000,
,,,0.021036000000,   0.00000,
,,,0.021040000000,   0.00000,
,,,0.021044000000,   0.02000,
,,,0.021048000000,   0.02000,
,,,0.021052000000,   0.02000,
,,,0.021056000000,   0.00000,
,,,0.021060000000,   0.02000,
,,,0.021064000000,   0.02000,
,,,0.021068000000,   0.02000,
,,,0.021072000000,   0.02000,
,,,0.021076000000,   0.02000,
,,,0.021080000000,   0.00000,
,,,0.021084000000,   0.02000,
,,,0.021088000000,   0.00000,
,,,0.021092000000,   0.02000,
,,,0.021096000000,   0.02000,
,,,0.021100000000,   0.02000,
,,,0.021104000000,   0.02000,
,,,0.021108000000,   0.02000,
,,,0.021112000000,   0.02000,
,,,0.021116000000,   0.02000,
,,,0.021120000000,   0.00000,
,,,0.021124000000,   0.02000,
,,,0.021128000000,   0.02000,
,,,0.021132000000,   0.02000,
,,,0.021136000000,   0.02000,
,,,0.021140000000,   0.02000,
,,,0.021144000000,   0.02000,
,,,0.021148000000,   0.02000,
,,,0.021152000000,   0.02000,
,,,0.021156000000,   0.04000,
,,,0.021160000000,   0.02000,
,,,0.021164000000,   0.04000,
,,,0.021168000000,   0.02000,
,,,0.021172000000,   0.04000,
,,,0.021176000000,   0.02000,
,,,0.021180000000,   0.04000,
,,,0.021184000000,   0.02000,
,,,0.021188000000,   0.04000,
,,,0.021192000000,   0.02000,
,,,0.021196000000,   0.02000,
,,,0.021200000000,   0.04000,
,,,0.021204000000,   0.04000,
,,,0.021208000000,   0.04000,
,,,0.021212000000,   0.04000,
,,,0.021216000000,   0.04000,
,,,0.021220000000,   0.04000,
,,,0.021224000000,   0.04000,
,,,0.021228000000,   0.04000,
,,,0.021232000000,   0.04000,
,,,0.021236000000,   0.06000,
,,,0.021240000000,   0.04000,
,,,0.021244000000,   0.06000,
,,,0.021248000000,   0.06000,
,,,0.021252000000,   0.06000,
,,,0.021256000000,   0.06000,
,,,0.021260000000,   0.08000,
,,,0.021264000000,   0.06000,
,,,0.021268000000,   0.08000,
,,,0.021272000000,   0.08000,
,,,0.021276000000,   0.08000,
,,,0.021280000000,   0.08000,
,,,0.021284000000,   0.10000,
,,,0.021288000000,   0.08000,
,,,0.021292000000,   0.10000,
,,,0.021296000000,   0.08000,
,,,0.021300000000,   0.10000,
,,,0.021304000000,   0.10000,
,,,0.021308000000,   0.12000,
,,,0.021312000000,   0.10000,
,,,0.021316000000,   0.10000,
,,,0.021320000000,   0.12000,
,,,0.021324000000,   0.12000,
,,,0.021328000000,   0.12000,
,,,0.021332000000,   0.12000,
,,,0.021336000000,   0.12000,
,,,0.021340000000,   0.12000,
,,,0.021344000000,   0.12000,
,,,0.021348000000,   0.14000,
,,,0.021352000000,   0.14000,
,,,0.021356000000,   0.14000,
,,,0.021360000000,   0.14000,
,,,0.021364000000,   0.14000,
,,,0.021368000000,   0.14000,
,,,0.021372000000,   0.16000,
,,,0.021376000000,   0.16000,
,,,0.021380000000,   0.16000,
,,,0.021384000000,   0.16000,
,,,0.021388000000,   0.16000,
,,,0.021392000000,   0.16000,
,,,0.021396000000,   0.16000,
,,,0.021400000000,   0.18000,
,,,0.021404000000,   0.18000,
,,,0.021408000000,   0.18000,
,,,0.021412000000,   0.18000,
,,,0.021416000000,   0.18000,
,,,0.021420000000,   0.18000,
,,,0.021424000000,   0.20000,
,,,0.021428000000,   0.20000,
,,,0.021432000000,   0.20000,
,,,0.021436000000,   0.20000,
,,,0.021440000000,   0.18000,
,,,0.021444000000,   0.20000,
,,,0.021448000000,   0.20000,
,,,0.021452000000,   0.22000,
,,,0.021456000000,   0.20000,
,,,0.021460000000,   0.20000,
,,,0.021464000000,   0.20000,
,,,0.021468000000,   0.20000,
,,,0.021472000000,   0.20000,
,,,0.021476000000,   0.20000,
,,,0.021480000000,   0.20000,
,,,0.021484000000,   0.22000,
,,,0.021488000000,   0.20000,
,,,0.021492000000,   0.22000,
,,,0.021496000000,   0.22000,
,,,0.021500000000,   0.24000,
,,,0.021504000000,   0.22000,
,,,0.021508000000,   0.22000,
,,,0.021512000000,   0.20000,
,,,0.021516000000,   0.22000,
,,,0.021520000000,   0.22000,
,,,0.021524000000,   0.20000,
,,,0.021528000000,   0.22000,
,,,0.021532000000,   0.20000,
,,,0.021536000000,   0.22000,
,,,0.021540000000,   0.22000,
,,,0.021544000000,   0.22000,
,,,0.021548000000,   0.20000,
,,,0.021552000000,   0.22000,
,,,0.021556000000,   0.20000,
,,,0.021560000000,   0.20000,
,,,0.021564000000,   0.20000,
,,,0.021568000000,   0.20000,
,,,0.021572000000,   0.20000,
,,,0.021576000000,   0.20000,
,,,0.021580000000,   0.20000,
,,,0.021584000000,   0.20000,
,,,0.021588000000,   0.20000,
,,,0.021592000000,   0.20000,
,,,0.021596000000,   0.20000,
,,,0.021600000000,   0.20000,
,,,0.021604000000,   0.20000,
,,,0.021608000000,   0.20000,
,,,0.021612000000,   0.20000,
,,,0.021616000000,   0.18000,
,,,0.021620000000,   0.18000,
,,,0.021624000000,   0.18000,
,,,0.021628000000,   0.18000,
,,,0.021632000000,   0.18000,
,,,0.021636000000,   0.18000,
,,,0.021640000000,   0.18000,
,,,0.021644000000,   0.16000,
,,,0.021648000000,   0.16000,
,,,0.021652000000,   0.18000,
,,,0.021656000000,   0.16000,
,,,0.021660000000,   0.16000,
,,,0.021664000000,   0.16000,
,,,0.021668000000,   0.16000,
,,,0.021672000000,   0.16000,
,,,0.021676000000,   0.16000,
,,,0.021680000000,   0.16000,
,,,0.021684000000,   0.16000,
,,,0.021688000000,   0.14000,
,,,0.021692000000,   0.14000,
,,,0.021696000000,   0.14000,
,,,0.021700000000,   0.14000,
,,,0.021704000000,   0.14000,
,,,0.021708000000,   0.14000,
,,,0.021712000000,   0.14000,
,,,0.021716000000,   0.14000,
,,,0.021720000000,   0.14000,
,,,0.021724000000,   0.12000,
,,,0.021728000000,   0.14000,
,,,0.021732000000,   0.14000,
,,,0.021736000000,   0.12000,
,,,0.021740000000,   0.14000,
,,,0.021744000000,   0.12000,
,,,0.021748000000,   0.12000,
,,,0.021752000000,   0.12000,
,,,0.021756000000,   0.12000,
,,,0.021760000000,   0.12000,
,,,0.021764000000,   0.12000,
,,,0.021768000000,   0.12000,
,,,0.021772000000,   0.12000,
,,,0.021776000000,   0.10000,
,,,0.021780000000,   0.12000,
,,,0.021784000000,   0.10000,
,,,0.021788000000,   0.12000,
,,,0.021792000000,   0.10000,
,,,0.021796000000,   0.10000,
,,,0.021800000000,   0.10000,
,,,0.021804000000,   0.10000,
,,,0.021808000000,   0.08000,
,,,0.021812000000,   0.10000,
,,,0.021816000000,   0.08000,
,,,0.021820000000,   0.10000,
,,,0.021824000000,   0.08000,
,,,0.021828000000,   0.08000,
,,,0.021832000000,   0.06000,
,,,0.021836000000,   0.08000,
,,,0.021840000000,   0.06000,
,,,0.021844000000,   0.08000,
,,,0.021848000000,   0.08000,
,,,0.021852000000,   0.08000,
,,,0.021856000000,   0.08000,
,,,0.021860000000,   0.06000,
,,,0.021864000000,   0.08000,
,,,0.021868000000,   0.06000,
,,,0.021872000000,   0.06000,
,,,0.021876000000,   0.06000,
,,,0.021880000000,   0.06000,
,,,0.021884000000,   0.06000,
,,,0.021888000000,   0.06000,
,,,0.021892000000,   0.06000,
,,,0.021896000000,   0.06000,
,,,0.021900000000,   0.06000,
,,,0.021904000000,   0.06000,
,,,0.021908000000,   0.06000,
,,,0.021912000000,   0.04000,
,,,0.021916000000,   0.06000,
,,,0.021920000000,   0.04000,
,,,0.021924000000,   0.06000,
,,,0.021928000000,   0.04000,
,,,0.021932000000,   0.06000,
,,,0.021936000000,   0.04000,
,,,0.021940000000,   0.04000,
,,,0.021944000000,   0.04000,
,,,0.021948000000,   0.04000,
,,,0.021952000000,   0.02000,
,,,0.021956000000,   0.04000,
,,,0.021960000000,   0.02000,
,,,0.021964000000,   0.04000,
,,,0.021968000000,   0.04000,
,,,0.021972000000,   0.04000,
,,,0.021976000000,   0.02000,
,,,0.021980000000,   0.04000,
,,,0.021984000000,   0.04000,
,,,0.021988000000,   0.06000,
,,,0.021992000000,   0.04000,
,,,0.021996000000,   0.04000,
,,,0.022000000000,   0.04000,
,,,0.022004000000,   0.04000,
,,,0.022008000000,   0.04000,
,,,0.022012000000,   0.04000,
,,,0.022016000000,   0.04000,
,,,0.022020000000,   0.04000,
,,,0.022024000000,   0.02000,
,,,0.022028000000,   0.02000,
,,,0.022032000000,   0.02000,
,,,0.022036000000,   0.02000,
,,,0.022040000000,   0.02000,
,,,0.022044000000,   0.02000,
,,,0.022048000000,   0.02000,
,,,0.022052000000,   0.02000,
,,,0.022056000000,   0.02000,
,,,0.022060000000,   0.02000,
,,,0.022064000000,   0.02000,
,,,0.022068000000,   0.02000,
,,,0.022072000000,   0.02000,
,,,0.022076000000,   0.02000,
,,,0.022080000000,   0.02000,
,,,0.022084000000,   0.02000,
,,,0.022088000000,   0.02000,
,,,0.022092000000,   0.02000,
,,,0.022096000000,   0.02000,
,,,0.022100000000,   0.02000,
,,,0.022104000000,   0.02000,
,,,0.022108000000,   0.02000,
,,,0.022112000000,   0.00000,
,,,0.022116000000,   0.02000,
,,,0.022120000000,   0.02000,
,,,0.022124000000,   0.02000,
,,,0.022128000000,   0.02000,
,,,0.022132000000,   0.02000,
,,,0.022136000000,   0.02000,
,,,0.022140000000,   0.02000,
,,,0.022144000000,   0.00000,
,,,0.022148000000,   0.02000,
,,,0.022152000000,   0.02000,
,,,0.022156000000,   0.02000,
,,,0.022160000000,   0.02000,
,,,0.022164000000,   0.02000,
,,,0.022168000000,   0.02000,
,,,0.022172000000,   0.02000,
,,,0.022176000000,   0.00000,
,,,0.022180000000,   0.00000,
,,,0.022184000000,   0.00000,
,,,0.022188000000,   0.02000,
,,,0.022192000000,   0.02000,
,,,0.022196000000,   0.02000,
,,,0.022200000000,   0.02000,
,,,0.022204000000,   0.00000,
,,,0.022208000000,   0.00000,
,,,0.022212000000,   0.02000,
,,,0.022216000000,   0.00000,
,,,0.022220000000,   0.02000,
,,,0.022224000000,   0.02000,
,,,0.022228000000,   0.00000,
,,,0.022232000000,   0.00000,
,,,0.022236000000,   0.00000,
,,,0.022240000000,   0.00000,
,,,0.022244000000,   0.00000,
,,,0.022248000000,   0.00000,
,,,0.022252000000,   0.00000,
,,,0.022256000000,   0.00000,
,,,0.022260000000,   0.02000,
,,,0.022264000000,   0.00000,
,,,0.022268000000,   0.02000,
,,,0.022272000000,   0.00000,
,,,0.022276000000,   0.02000,
,,,0.022280000000,   0.02000,
,,,0.022284000000,   0.02000,
,,,0.022288000000,   0.00000,
,,,0.022292000000,   0.02000,
,,,0.022296000000,   0.02000,
,,,0.022300000000,   0.00000,
,,,0.022304000000,   0.00000,
,,,0.022308000000,   0.02000,
,,,0.022312000000,   0.00000,
,,,0.022316000000,   0.00000,
,,,0.022320000000,   0.00000,
,,,0.022324000000,   0.00000,
,,,0.022328000000,   0.00000,
,,,0.022332000000,   0.00000,
,,,0.022336000000,   0.00000,
,,,0.022340000000,   0.00000,
,,,0.022344000000,   0.00000,
,,,0.022348000000,   0.00000,
,,,0.022352000000,   0.00000,
,,,0.022356000000,   0.02000,
,,,0.022360000000,   0.00000,
,,,0.022364000000,   0.00000,
,,,0.022368000000,   0.00000,
,,,0.022372000000,   0.00000,
,,,0.022376000000,   0.00000,
,,,0.022380000000,   0.00000,
,,,0.022384000000,   0.00000,
,,,0.022388000000,   0.00000,
,,,0.022392000000,   0.00000,
,,,0.022396000000,   0.00000,
,,,0.022400000000,   0.00000,
,,,0.022404000000,   0.00000,
,,,0.022408000000,   0.00000,
,,,0.022412000000,   0.00000,
,,,0.022416000000,   0.00000,
,,,0.022420000000,   0.00000,
,,,0.022424000000,   0.00000,
,,,0.022428000000,   0.00000,
,,,0.022432000000,   0.00000,
,,,0.022436000000,   0.00000,
,,,0.022440000000,   0.00000,
,,,0.022444000000,   0.00000,
,,,0.022448000000,   0.00000,
,,,0.022452000000,   0.00000,
,,,0.022456000000,  -0.02000,
,,,0.022460000000,   0.00000,
,,,0.022464000000,   0.00000,
,,,0.022468000000,   0.00000,
,,,0.022472000000,   0.00000,
,,,0.022476000000,   0.00000,
,,,0.022480000000,   0.00000,
,,,0.022484000000,   0.00000,
,,,0.022488000000,   0.00000,
,,,0.022492000000,   0.00000,
,,,0.022496000000,   0.00000,
,,,0.022500000000,   0.00000,
,,,0.022504000000,   0.00000,
,,,0.022508000000,   0.00000,
,,,0.022512000000,   0.00000,
,,,0.022516000000,  -0.02000,
,,,0.022520000000,   0.00000,
,,,0.022524000000,   0.00000,
,,,0.022528000000,  -0.02000,
,,,0.022532000000,   0.00000,
,,,0.022536000000,   0.00000,
,,,0.022540000000,   0.02000,
,,,0.022544000000,   0.00000,
,,,0.022548000000,   0.00000,
,,,0.022552000000,   0.00000,
,,,0.022556000000,   0.00000,
,,,0.022560000000,  -0.02000,
,,,0.022564000000,   0.00000,
,,,0.022568000000,   0.00000,
,,,0.022572000000,   0.00000,
,,,0.022576000000,   0.00000,
,,,0.022580000000,   0.00000,
,,,0.022584000000,   0.00000,
,,,0.022588000000,   0.00000,
,,,0.022592000000,   0.00000,
,,,0.022596000000,   0.00000,
,,,0.022600000000,   0.00000,
,,,0.022604000000,   0.00000,
,,,0.022608000000,  -0.02000,
,,,0.022612000000,   0.00000,
,,,0.022616000000,   0.00000,
,,,0.022620000000,   0.00000,
,,,0.022624000000,   0.00000,
,,,0.022628000000,   0.00000,
,,,0.022632000000,   0.00000,
,,,0.022636000000,   0.00000,
,,,0.022640000000,   0.00000,
,,,0.022644000000,   0.00000,
,,,0.022648000000,   0.00000,
,,,0.022652000000,   0.00000,
,,,0.022656000000,   0.00000,
,,,0.022660000000,  -0.02000,
,,,0.022664000000,  -0.02000,
,,,0.022668000000,   0.00000,
,,,0.022672000000,  -0.02000,
,,,0.022676000000,   0.00000,
,,,0.022680000000,   0.00000,
,,,0.022684000000,   0.00000,
,,,0.022688000000,   0.00000,
,,,0.022692000000,   0.00000,
,,,0.022696000000,   0.00000,
,,,0.022700000000,   0.00000,
,,,0.022704000000,  -0.02000,
,,,0.022708000000,  -0.02000,
,,,0.022712000000,   0.00000,
,,,0.022716000000,   0.00000,
,,,0.022720000000,  -0.02000,
,,,0.022724000000,   0.00000,
,,,0.022728000000,  -0.02000,
,,,0.022732000000,  -0.02000,
,,,0.022736000000,   0.00000,
,,,0.022740000000,   0.00000,
,,,0.022744000000,   0.00000,
,,,0.022748000000,   0.00000,
,,,0.022752000000,   0.00000,
,,,0.022756000000,   0.00000,
,,,0.022760000000,  -0.02000,
,,,0.022764000000,   0.00000,
,,,0.022768000000,  -0.02000,
,,,0.022772000000,  -0.02000,
,,,0.022776000000,  -0.02000,
,,,0.022780000000,   0.00000,
,,,0.022784000000,  -0.02000,
,,,0.022788000000,  -0.02000,
,,,0.022792000000,   0.00000,
,,,0.022796000000,   0.00000,
,,,0.022800000000,  -0.02000,
,,,0.022804000000,   0.00000,
,,,0.022808000000,  -0.02000,
,,,0.022812000000,  -0.02000,
,,,0.022816000000,   0.00000,
,,,0.022820000000,   0.00000,
,,,0.022824000000,   0.00000,
,,,0.022828000000,  -0.02000,
,,,0.022832000000,  -0.02000,
,,,0.022836000000,  -0.02000,
,,,0.022840000000,   0.00000,
,,,0.022844000000,   0.00000,
,,,0.022848000000,   0.00000,
,,,0.022852000000,   0.00000,
,,,0.022856000000,   0.00000,
,,,0.022860000000,   0.00000,
,,,0.022864000000,  -0.02000,
,,,0.022868000000,   0.00000,
,,,0.022872000000,  -0.02000,
,,,0.022876000000,   0.00000,
,,,0.022880000000,   0.00000,
,,,0.022884000000,   0.00000,
,,,0.022888000000,   0.00000,
,,,0.022892000000,   0.00000,
,,,0.022896000000,  -0.02000,
,,,0.022900000000,  -0.02000,
,,,0.022904000000,  -0.02000,
,,,0.022908000000,   0.00000,
,,,0.022912000000,   0.00000,
,,,0.022916000000,   0.00000,
,,,0.022920000000,  -0.02000,
,,,0.022924000000,  -0.02000,
,,,0.022928000000,  -0.02000,
,,,0.022932000000,   0.00000,
,,,0.022936000000,   0.00000,
,,,0.022940000000,  -0.02000,
,,,0.022944000000,  -0.02000,
,,,0.022948000000,   0.00000,
,,,0.022952000000,  -0.02000,
,,,0.022956000000,  -0.02000,
,,,0.022960000000,  -0.02000,
,,,0.022964000000,   0.00000,
,,,0.022968000000,   0.00000,
,,,0.022972000000,   0.00000,
,,,0.022976000000,   0.00000,
,,,0.022980000000,   0.00000,
,,,0.022984000000,   0.00000,
,,,0.022988000000,   0.00000,
,,,0.022992000000,  -0.02000,
,,,0.022996000000,   0.00000,
,,,0.023000000000,  -0.02000,
,,,0.023004000000,  -0.02000,
,,,0.023008000000,   0.00000,
,,,0.023012000000,   0.00000,
,,,0.023016000000,   0.00000,
,,,0.023020000000,   0.00000,
,,,0.023024000000,   0.00000,
,,,0.023028000000,  -0.02000,
,,,0.023032000000,   0.00000,
,,,0.023036000000,   0.00000,
,,,0.023040000000,   0.00000,
,,,0.023044000000,  -0.02000,
,,,0.023048000000,  -0.02000,
,,,0.023052000000,  -0.02000,
,,,0.023056000000,   0.00000,
,,,0.023060000000,   0.00000,
,,,0.023064000000,   0.00000,
,,,0.023068000000,   0.00000,
,,,0.023072000000,  -0.02000,
,,,0.023076000000,  -0.02000,
,,,0.023080000000,   0.00000,
,,,0.023084000000,   0.00000,
,,,0.023088000000,   0.00000,
,,,0.023092000000,   0.00000,
,,,0.023096000000,   0.00000,
,,,0.023100000000,   0.00000,
,,,0.023104000000,  -0.02000,
,,,0.023108000000,   0.00000,
,,,0.023112000000,  -0.02000,
,,,0.023116000000,   0.00000,
,,,0.023120000000,  -0.02000,
,,,0.023124000000,   0.00000,
,,,0.023128000000,  -0.02000,
,,,0.023132000000,  -0.02000,
,,,0.023136000000,   0.00000,
,,,0.023140000000,   0.00000,
,,,0.023144000000,   0.00000,
,,,0.023148000000,  -0.02000,
,,,0.023152000000,   0.00000,
,,,0.023156000000,  -0.02000,
,,,0.023160000000,  -0.02000,
,,,0.023164000000,   0.00000,
,,,0.023168000000,  -0.02000,
,,,0.023172000000,  -0.02000,
,,,0.023176000000,  -0.02000,
,,,0.023180000000,   0.00000,
,,,0.023184000000,   0.00000,
,,,0.023188000000,   0.00000,
,,,0.023192000000,   0.00000,
,,,0.023196000000,  -0.02000,
,,,0.023200000000,   0.00000,
,,,0.023204000000,   0.00000,
,,,0.023208000000,   0.00000,
,,,0.023212000000,   0.00000,
,,,0.023216000000,   0.00000,
,,,0.023220000000,   0.00000,
,,,0.023224000000,  -0.02000,
,,,0.023228000000,  -0.02000,
,,,0.023232000000,   0.00000,
,,,0.023236000000,  -0.02000,
,,,0.023240000000,   0.00000,
,,,0.023244000000,   0.00000,
,,,0.023248000000,   0.00000,
,,,0.023252000000,   0.00000,
,,,0.023256000000,  -0.02000,
,,,0.023260000000,   0.00000,
,,,0.023264000000,  -0.02000,
,,,0.023268000000,   0.00000,
,,,0.023272000000,   0.00000,
,,,0.023276000000,   0.00000,
,,,0.023280000000,  -0.02000,
,,,0.023284000000,   0.00000,
,,,0.023288000000,  -0.02000,
,,,0.023292000000,   0.00000,
,,,0.023296000000,   0.00000,
,,,0.023300000000,   0.00000,
,,,0.023304000000,   0.00000,
,,,0.023308000000,   0.02000,
,,,0.023312000000,   0.00000,
,,,0.023316000000,   0.00000,
,,,0.023320000000,  -0.02000,
,,,0.023324000000,   0.00000,
,,,0.023328000000,  -0.02000,
,,,0.023332000000,   0.00000,
,,,0.023336000000,  -0.02000,
,,,0.023340000000,   0.00000,
,,,0.023344000000,   0.00000,
,,,0.023348000000,   0.00000,
,,,0.023352000000,   0.00000,
,,,0.023356000000,   0.00000,
,,,0.023360000000,   0.00000,
,,,0.023364000000,   0.00000,
,,,0.023368000000,   0.00000,
,,,0.023372000000,   0.00000,
,,,0.023376000000,   0.00000,
,,,0.023380000000,   0.00000,
,,,0.023384000000,   0.00000,
,,,0.023388000000,   0.00000,
,,,0.023392000000,   0.00000,
,,,0.023396000000,   0.00000,
,,,0.023400000000,  -0.02000,
,,,0.023404000000,   0.00000,
,,,0.023408000000,   0.00000,
,,,0.023412000000,   0.00000,
,,,0.023416000000,   0.00000,
,,,0.023420000000,   0.00000,
,,,0.023424000000,   0.00000,
,,,0.023428000000,   0.00000,
,,,0.023432000000,   0.00000,
,,,0.023436000000,   0.00000,
,,,0.023440000000,   0.00000,
,,,0.023444000000,   0.00000,
,,,0.023448000000,   0.00000,
,,,0.023452000000,  -0.02000,
,,,0.023456000000,  -0.02000,
,,,0.023460000000,  -0.02000,
,,,0.023464000000,   0.00000,
,,,0.023468000000,  -0.02000,
,,,0.023472000000,  -0.02000,
,,,0.023476000000,   0.00000,
,,,0.023480000000,   0.00000,
,,,0.023484000000,   0.00000,
,,,0.023488000000,   0.00000,
,,,0.023492000000,   0.00000,
,,,0.023496000000,  -0.02000,
,,,0.023500000000,   0.00000,
,,,0.023504000000,  -0.02000,
,,,0.023508000000,   0.00000,
,,,0.023512000000,  -0.02000,
,,,0.023516000000,   0.00000,
,,,0.023520000000,  -0.02000,
,,,0.023524000000,   0.00000,
,,,0.023528000000,  -0.02000,
,,,0.023532000000,  -0.02000,
,,,0.023536000000,  -0.02000,
,,,0.023540000000,  -0.02000,
,,,0.023544000000,  -0.02000,
,,,0.023548000000,   0.00000,
,,,0.023552000000,   0.00000,
,,,0.023556000000,   0.00000,
,,,0.023560000000,  -0.02000,
,,,0.023564000000,   0.00000,
,,,0.023568000000,   0.00000,
,,,0.023572000000,   0.00000,
,,,0.023576000000,   0.00000,
,,,0.023580000000,   0.00000,
,,,0.023584000000,  -0.02000,
,,,0.023588000000,  -0.02000,
,,,0.023592000000,   0.00000,
,,,0.023596000000,   0.00000,
,,,0.023600000000,  -0.02000,
,,,0.023604000000,   0.00000,
,,,0.023608000000,   0.00000,
,,,0.023612000000,  -0.02000,
,,,0.023616000000,  -0.02000,
,,,0.023620000000,  -0.02000,
,,,0.023624000000,   0.00000,
,,,0.023628000000,   0.00000,
,,,0.023632000000,   0.00000,
,,,0.023636000000,   0.00000,
,,,0.023640000000,   0.00000,
,,,0.023644000000,   0.00000,
,,,0.023648000000,   0.00000,
,,,0.023652000000,   0.00000,
,,,0.023656000000,  -0.02000,
,,,0.023660000000,  -0.02000,
,,,0.023664000000,  -0.02000,
,,,0.023668000000,   0.00000,
,,,0.023672000000,   0.00000,
,,,0.023676000000,   0.00000,
,,,0.023680000000,  -0.02000,
,,,0.023684000000,   0.00000,
,,,0.023688000000,  -0.02000,
,,,0.023692000000,   0.00000,
,,,0.023696000000,  -0.02000,
,,,0.023700000000,   0.00000,
,,,0.023704000000,  -0.02000,
,,,0.023708000000,  -0.02000,
,,,0.023712000000,  -0.02000,
,,,0.023716000000,  -0.02000,
,,,0.023720000000,   0.00000,
,,,0.023724000000,   0.00000,
,,,0.023728000000,  -0.02000,
,,,0.023732000000,  -0.02000,
,,,0.023736000000,  -0.02000,
,,,0.023740000000,   0.00000,
,,,0.023744000000,   0.00000,
,,,0.023748000000,  -0.02000,
,,,0.023752000000,   0.00000,
,,,0.023756000000,   0.00000,
,,,0.023760000000,   0.00000,
,,,0.023764000000,   0.00000,
,,,0.023768000000,  -0.02000,
,,,0.023772000000,   0.00000,
,,,0.023776000000,   0.00000,
,,,0.023780000000,   0.00000,
,,,0.023784000000,  -0.02000,
,,,0.023788000000,   0.00000,
,,,0.023792000000,  -0.02000,
,,,0.023796000000,   0.00000,
,,,0.023800000000,  -0.02000,
,,,0.023804000000,   0.00000,
,,,0.023808000000,   0.00000,
,,,0.023812000000,   0.00000,
,,,0.023816000000,  -0.02000,
,,,0.023820000000,  -0.02000,
,,,0.023824000000,   0.00000,
,,,0.023828000000,   0.00000,
,,,0.023832000000,   0.00000,
,,,0.023836000000,  -0.02000,
,,,0.023840000000,  -0.02000,
,,,0.023844000000,  -0.02000,
,,,0.023848000000,  -0.02000,
,,,0.023852000000,   0.00000,
,,,0.023856000000,   0.00000,
,,,0.023860000000,   0.00000,
,,,0.023864000000,   0.00000,
,,,0.023868000000,   0.00000,
,,,0.023872000000,   0.00000,
,,,0.023876000000,   0.00000,
,,,0.023880000000,  -0.02000,
,,,0.023884000000,  -0.02000,
,,,0.023888000000,   0.00000,
,,,0.023892000000,   0.00000,
,,,0.023896000000,   0.00000,
,,,0.023900000000,   0.00000,
,,,0.023904000000,  -0.02000,
,,,0.023908000000,   0.00000,
,,,0.023912000000,   0.00000,
,,,0.023916000000,   0.00000,
,,,0.023920000000,   0.00000,
,,,0.023924000000,  -0.02000,
,,,0.023928000000,   0.00000,
,,,0.023932000000,   0.00000,
,,,0.023936000000,  -0.02000,
,,,0.023940000000,   0.00000,
,,,0.023944000000,   0.00000,
,,,0.023948000000,   0.00000,
,,,0.023952000000,  -0.02000,
,,,0.023956000000,   0.00000,
,,,0.023960000000,  -0.02000,
,,,0.023964000000,  -0.02000,
,,,0.023968000000,   0.00000,
,,,0.023972000000,  -0.02000,
,,,0.023976000000,   0.00000,
,,,0.023980000000,   0.00000,
,,,0.023984000000,   0.00000,
,,,0.023988000000,  -0.02000,
,,,0.023992000000,   0.00000,
,,,0.023996000000,   0.00000,
,,,0.024000000000,   0.00000,
,,,0.024004000000,   0.00000,
,,,0.024008000000,  -0.02000,
,,,0.024012000000,  -0.02000,
,,,0.024016000000,  -0.02000,
,,,0.024020000000,   0.00000,
,,,0.024024000000,  -0.02000,
,,,0.024028000000,   0.00000,
,,,0.024032000000,  -0.02000,
,,,0.024036000000,  -0.02000,
,,,0.024040000000,  -0.02000,
,,,0.024044000000,   0.00000,
,,,0.024048000000,  -0.02000,
,,,0.024052000000,   0.00000,
,,,0.024056000000,  -0.02000,
,,,0.024060000000,   0.00000,
,,,0.024064000000,   0.00000,
,,,0.024068000000,  -0.02000,
,,,0.024072000000,   0.00000,
,,,0.024076000000,   0.00000,
,,,0.024080000000,  -0.02000,
,,,0.024084000000,   0.00000,
,,,0.024088000000,   0.00000,
,,,0.024092000000,   0.00000,
,,,0.024096000000,  -0.02000,
,,,0.024100000000,   0.00000,
,,,0.024104000000,  -0.02000,
,,,0.024108000000,   0.00000,
,,,0.024112000000,   0.00000,
,,,0.024116000000,  -0.02000,
,,,0.024120000000,  -0.02000,
,,,0.024124000000,   0.00000,
,,,0.024128000000,  -0.02000,
,,,0.024132000000,   0.00000,
,,,0.024136000000,   0.00000,
,,,0.024140000000,   0.00000,
,,,0.024144000000,  -0.02000,
,,,0.024148000000,  -0.02000,
,,,0.024152000000,  -0.02000,
,,,0.024156000000,  -0.02000,
,,,0.024160000000,   0.00000,
,,,0.024164000000,  -0.02000,
,,,0.024168000000,   0.00000,
,,,0.024172000000,   0.00000,
,,,0.024176000000,   0.00000,
,,,0.024180000000,   0.00000,
,,,0.024184000000,   0.00000,
,,,0.024188000000,   0.00000,
,,,0.024192000000,  -0.02000,
,,,0.024196000000,  -0.02000,
,,,0.024200000000,  -0.02000,
,,,0.024204000000,   0.00000,
,,,0.024208000000,   0.00000,
,,,0.024212000000,   0.00000,
,,,0.024216000000,   0.00000,
,,,0.024220000000,  -0.02000,
,,,0.024224000000,   0.00000,
,,,0.024228000000,   0.00000,
,,,0.024232000000,   0.00000,
,,,0.024236000000,   0.00000,
